budget,genres,homepage,id,keywords,original_language,original_title,overview,popularity,production_companies,production_countries,release_date,revenue,runtime,spoken_languages,status,tagline,title,vote_average,vote_count,profit
237000000,"[{""id"": 28, ""name"": ""Action""}, {""id"": 12, ""name"": ""Adventure""}, {""id"": 14, ""name"": ""Fantasy""}, {""id"": 878, ""name"": ""Science Fiction""}]",http://www.avatarmovie.com/,19995,"[{""id"": 1463, ""name"": ""culture clash""}, {""id"": 2964, ""name"": ""future""}, {""id"": 3386, ""name"": ""space war""}, {""id"": 3388, ""name"": ""space colony""}, {""id"": 3679, ""name"": ""society""}, {""id"": 3801, ""name"": ""space travel""}, {""id"": 9685, ""name"": ""futuristic""}, {""id"": 9840, ""name"": ""romance""}, {""id"": 9882, ""name"": ""space""}, {""id"": 9951, ""name"": ""alien""}, {""id"": 10148, ""name"": ""tribe""}, {""id"": 10158, ""name"": ""alien planet""}, {""id"": 10987, ""name"": ""cgi""}, {""id"": 11399, ""name"": ""marine""}, {""id"": 13065, ""name"": ""soldier""}, {""id"": 14643, ""name"": ""battle""}, {""id"": 14720, ""name"": ""love affair""}, {""id"": 165431, ""name"": ""anti war""}, {""id"": 193554, ""name"": ""power relations""}, {""id"": 206690, ""name"": ""mind and soul""}, {""id"": 209714, ""name"": ""3d""}]",en,Avatar,"In the 22nd century, a paraplegic Marine is dispatched to the moon Pandora on a unique mission, but becomes torn between following orders and protecting an alien civilization.",150.437577,"[{""name"": ""Ingenious Film Partners"", ""id"": 289}, {""name"": ""Twentieth Century Fox Film Corporation"", ""id"": 306}, {""name"": ""Dune Entertainment"", ""id"": 444}, {""name"": ""Lightstorm Entertainment"", ""id"": 574}]","[{""iso_3166_1"": ""US"", ""name"": ""United States of America""}, {""iso_3166_1"": ""GB"", ""name"": ""United Kingdom""}]",2009-12-10,2787965087,162.0,"[{""iso_639_1"": ""en"", ""name"": ""English""}, {""iso_639_1"": ""es"", ""name"": ""Espa\u00f1ol""}]",Released,Enter the World of Pandora.,Avatar,7.2,11800,2550965087
300000000,"[{""id"": 12, ""name"": ""Adventure""}, {""id"": 14, ""name"": ""Fantasy""}, {""id"": 28, ""name"": ""Action""}]",http://disney.go.com/disneypictures/pirates/,285,"[{""id"": 270, ""name"": ""ocean""}, {""id"": 726, ""name"": ""drug abuse""}, {""id"": 911, ""name"": ""exotic island""}, {""id"": 1319, ""name"": ""east india trading company""}, {""id"": 2038, ""name"": ""love of one's life""}, {""id"": 2052, ""name"": ""traitor""}, {""id"": 2580, ""name"": ""shipwreck""}, {""id"": 2660, ""name"": ""strong woman""}, {""id"": 3799, ""name"": ""ship""}, {""id"": 5740, ""name"": ""alliance""}, {""id"": 5941, ""name"": ""calypso""}, {""id"": 6155, ""name"": ""afterlife""}, {""id"": 6211, ""name"": ""fighter""}, {""id"": 12988, ""name"": ""pirate""}, {""id"": 157186, ""name"": ""swashbuckler""}, {""id"": 179430, ""name"": ""aftercreditsstinger""}]",en,Pirates of the Caribbean: At World's End,"Captain Barbossa, long believed to be dead, has come back to life and is headed to the edge of the Earth with Will Turner and Elizabeth Swann. But nothing is quite as it seems.",139.082615,"[{""name"": ""Walt Disney Pictures"", ""id"": 2}, {""name"": ""Jerry Bruckheimer Films"", ""id"": 130}, {""name"": ""Second Mate Productions"", ""id"": 19936}]","[{""iso_3166_1"": ""US"", ""name"": ""United States of America""}]",2007-05-19,961000000,169.0,"[{""iso_639_1"": ""en"", ""name"": ""English""}]",Released,"At the end of the world, the adventure begins.",Pirates of the Caribbean: At World's End,6.9,4500,661000000
245000000,"[{""id"": 28, ""name"": ""Action""}, {""id"": 12, ""name"": ""Adventure""}, {""id"": 80, ""name"": ""Crime""}]",http://www.sonypictures.com/movies/spectre/,206647,"[{""id"": 470, ""name"": ""spy""}, {""id"": 818, ""name"": ""based on novel""}, {""id"": 4289, ""name"": ""secret agent""}, {""id"": 9663, ""name"": ""sequel""}, {""id"": 14555, ""name"": ""mi6""}, {""id"": 156095, ""name"": ""british secret service""}, {""id"": 158431, ""name"": ""united kingdom""}]",en,Spectre,"A cryptic message from Bond’s past sends him on a trail to uncover a sinister organization. While M battles political forces to keep the secret service alive, Bond peels back the layers of deceit to reveal the terrible truth behind SPECTRE.",107.376788,"[{""name"": ""Columbia Pictures"", ""id"": 5}, {""name"": ""Danjaq"", ""id"": 10761}, {""name"": ""B24"", ""id"": 69434}]","[{""iso_3166_1"": ""GB"", ""name"": ""United Kingdom""}, {""iso_3166_1"": ""US"", ""name"": ""United States of America""}]",2015-10-26,880674609,148.0,"[{""iso_639_1"": ""fr"", ""name"": ""Fran\u00e7ais""}, {""iso_639_1"": ""en"", ""name"": ""English""}, {""iso_639_1"": ""es"", ""name"": ""Espa\u00f1ol""}, {""iso_639_1"": ""it"", ""name"": ""Italiano""}, {""iso_639_1"": ""de"", ""name"": ""Deutsch""}]",Released,A Plan No One Escapes,Spectre,6.3,4466,635674609
250000000,"[{""id"": 28, ""name"": ""Action""}, {""id"": 80, ""name"": ""Crime""}, {""id"": 18, ""name"": ""Drama""}, {""id"": 53, ""name"": ""Thriller""}]",http://www.thedarkknightrises.com/,49026,"[{""id"": 849, ""name"": ""dc comics""}, {""id"": 853, ""name"": ""crime fighter""}, {""id"": 949, ""name"": ""terrorist""}, {""id"": 1308, ""name"": ""secret identity""}, {""id"": 1437, ""name"": ""burglar""}, {""id"": 3051, ""name"": ""hostage drama""}, {""id"": 3562, ""name"": ""time bomb""}, {""id"": 6969, ""name"": ""gotham city""}, {""id"": 7002, ""name"": ""vigilante""}, {""id"": 9665, ""name"": ""cover-up""}, {""id"": 9715, ""name"": ""superhero""}, {""id"": 9990, ""name"": ""villainess""}, {""id"": 10044, ""name"": ""tragic hero""}, {""id"": 13015, ""name"": ""terrorism""}, {""id"": 14796, ""name"": ""destruction""}, {""id"": 18933, ""name"": ""catwoman""}, {""id"": 156082, ""name"": ""cat burglar""}, {""id"": 156395, ""name"": ""imax""}, {""id"": 173272, ""name"": ""flood""}, {""id"": 179093, ""name"": ""criminal underworld""}, {""id"": 230775, ""name"": ""batman""}]",en,The Dark Knight Rises,"Following the death of District Attorney Harvey Dent, Batman assumes responsibility for Dent's crimes to protect the late attorney's reputation and is subsequently hunted by the Gotham City Police Department. Eight years later, Batman encounters the mysterious Selina Kyle and the villainous Bane, a new terrorist leader who overwhelms Gotham's finest. The Dark Knight resurfaces to protect a city that has branded him an enemy.",112.31295,"[{""name"": ""Legendary Pictures"", ""id"": 923}, {""name"": ""Warner Bros."", ""id"": 6194}, {""name"": ""DC Entertainment"", ""id"": 9993}, {""name"": ""Syncopy"", ""id"": 9996}]","[{""iso_3166_1"": ""US"", ""name"": ""United States of America""}]",2012-07-16,1084939099,165.0,"[{""iso_639_1"": ""en"", ""name"": ""English""}]",Released,The Legend Ends,The Dark Knight Rises,7.6,9106,834939099
260000000,"[{""id"": 28, ""name"": ""Action""}, {""id"": 12, ""name"": ""Adventure""}, {""id"": 878, ""name"": ""Science Fiction""}]",http://movies.disney.com/john-carter,49529,"[{""id"": 818, ""name"": ""based on novel""}, {""id"": 839, ""name"": ""mars""}, {""id"": 1456, ""name"": ""medallion""}, {""id"": 3801, ""name"": ""space travel""}, {""id"": 7376, ""name"": ""princess""}, {""id"": 9951, ""name"": ""alien""}, {""id"": 10028, ""name"": ""steampunk""}, {""id"": 10539, ""name"": ""martian""}, {""id"": 10685, ""name"": ""escape""}, {""id"": 161511, ""name"": ""edgar rice burroughs""}, {""id"": 163252, ""name"": ""alien race""}, {""id"": 179102, ""name"": ""superhuman strength""}, {""id"": 190320, ""name"": ""mars civilization""}, {""id"": 195446, ""name"": ""sword and planet""}, {""id"": 207928, ""name"": ""19th century""}, {""id"": 209714, ""name"": ""3d""}]",en,John Carter,"John Carter is a war-weary, former military captain who's inexplicably transported to the mysterious and exotic planet of Barsoom (Mars) and reluctantly becomes embroiled in an epic conflict. It's a world on the brink of collapse, and Carter rediscovers his humanity when he realizes the survival of Barsoom and its people rests in his hands.",43.926995,"[{""name"": ""Walt Disney Pictures"", ""id"": 2}]","[{""iso_3166_1"": ""US"", ""name"": ""United States of America""}]",2012-03-07,284139100,132.0,"[{""iso_639_1"": ""en"", ""name"": ""English""}]",Released,"Lost in our world, found in another.",John Carter,6.1,2124,24139100
258000000,"[{""id"": 14, ""name"": ""Fantasy""}, {""id"": 28, ""name"": ""Action""}, {""id"": 12, ""name"": ""Adventure""}]",http://www.sonypictures.com/movies/spider-man3/,559,"[{""id"": 851, ""name"": ""dual identity""}, {""id"": 1453, ""name"": ""amnesia""}, {""id"": 1965, ""name"": ""sandstorm""}, {""id"": 2038, ""name"": ""love of one's life""}, {""id"": 3446, ""name"": ""forgiveness""}, {""id"": 3986, ""name"": ""spider""}, {""id"": 4391, ""name"": ""wretch""}, {""id"": 4959, ""name"": ""death of a friend""}, {""id"": 5776, ""name"": ""egomania""}, {""id"": 5789, ""name"": ""sand""}, {""id"": 5857, ""name"": ""narcism""}, {""id"": 6062, ""name"": ""hostility""}, {""id"": 8828, ""name"": ""marvel comic""}, {""id"": 9663, ""name"": ""sequel""}, {""id"": 9715, ""name"": ""superhero""}, {""id"": 9748, ""name"": ""revenge""}]",en,Spider-Man 3,"The seemingly invincible Spider-Man goes up against an all-new crop of villain – including the shape-shifting Sandman. While Spider-Man’s superpowers are altered by an alien organism, his alter ego, Peter Parker, deals with nemesis Eddie Brock and also gets caught up in a love triangle.",115.699814,"[{""name"": ""Columbia Pictures"", ""id"": 5}, {""name"": ""Laura Ziskin Productions"", ""id"": 326}, {""name"": ""Marvel Enterprises"", ""id"": 19551}]","[{""iso_3166_1"": ""US"", ""name"": ""United States of America""}]",2007-05-01,890871626,139.0,"[{""iso_639_1"": ""en"", ""name"": ""English""}, {""iso_639_1"": ""fr"", ""name"": ""Fran\u00e7ais""}]",Released,The battle within.,Spider-Man 3,5.9,3576,632871626
260000000,"[{""id"": 16, ""name"": ""Animation""}, {""id"": 10751, ""name"": ""Family""}]",http://disney.go.com/disneypictures/tangled/,38757,"[{""id"": 1562, ""name"": ""hostage""}, {""id"": 2343, ""name"": ""magic""}, {""id"": 2673, ""name"": ""horse""}, {""id"": 3205, ""name"": ""fairy tale""}, {""id"": 4344, ""name"": ""musical""}, {""id"": 7376, ""name"": ""princess""}, {""id"": 10336, ""name"": ""animation""}, {""id"": 33787, ""name"": ""tower""}, {""id"": 155658, ""name"": ""blonde woman""}, {""id"": 162219, ""name"": ""selfishness""}, {""id"": 163545, ""name"": ""healing power""}, {""id"": 179411, ""name"": ""based on fairy tale""}, {""id"": 179431, ""name"": ""duringcreditsstinger""}, {""id"": 215258, ""name"": ""healing gift""}, {""id"": 234183, ""name"": ""animal sidekick""}]",en,Tangled,"When the kingdom's most wanted-and most charming-bandit Flynn Rider hides out in a mysterious tower, he's taken hostage by Rapunzel, a beautiful and feisty tower-bound teen with 70 feet of magical, golden hair. Flynn's curious captor, who's looking for her ticket out of the tower where she's been locked away for years, strikes a deal with the handsome thief and the unlikely duo sets off on an action-packed escapade, complete with a super-cop horse, an over-protective chameleon and a gruff gang of pub thugs.",48.681969,"[{""name"": ""Walt Disney Pictures"", ""id"": 2}, {""name"": ""Walt Disney Animation Studios"", ""id"": 6125}]","[{""iso_3166_1"": ""US"", ""name"": ""United States of America""}]",2010-11-24,591794936,100.0,"[{""iso_639_1"": ""en"", ""name"": ""English""}]",Released,They're taking adventure to new lengths.,Tangled,7.4,3330,331794936
280000000,"[{""id"": 28, ""name"": ""Action""}, {""id"": 12, ""name"": ""Adventure""}, {""id"": 878, ""name"": ""Science Fiction""}]",http://marvel.com/movies/movie/193/avengers_age_of_ultron,99861,"[{""id"": 8828, ""name"": ""marvel comic""}, {""id"": 9663, ""name"": ""sequel""}, {""id"": 9715, ""name"": ""superhero""}, {""id"": 9717, ""name"": ""based on comic book""}, {""id"": 10629, ""name"": ""vision""}, {""id"": 155030, ""name"": ""superhero team""}, {""id"": 179431, ""name"": ""duringcreditsstinger""}, {""id"": 180547, ""name"": ""marvel cinematic universe""}, {""id"": 209714, ""name"": ""3d""}]",en,Avengers: Age of Ultron,"When Tony Stark tries to jumpstart a dormant peacekeeping program, things go awry and Earth’s Mightiest Heroes are put to the ultimate test as the fate of the planet hangs in the balance. As the villainous Ultron emerges, it is up to The Avengers to stop him from enacting his terrible plans, and soon uneasy alliances and unexpected action pave the way for an epic and unique global adventure.",134.279229,"[{""name"": ""Marvel Studios"", ""id"": 420}, {""name"": ""Prime Focus"", ""id"": 15357}, {""name"": ""Revolution Sun Studios"", ""id"": 76043}]","[{""iso_3166_1"": ""US"", ""name"": ""United States of America""}]",2015-04-22,1405403694,141.0,"[{""iso_639_1"": ""en"", ""name"": ""English""}]",Released,A New Age Has Come.,Avengers: Age of Ultron,7.3,6767,1125403694
250000000,"[{""id"": 12, ""name"": ""Adventure""}, {""id"": 14, ""name"": ""Fantasy""}, {""id"": 10751, ""name"": ""Family""}]",http://harrypotter.warnerbros.com/harrypotterandthehalf-bloodprince/dvd/index.html,767,"[{""id"": 616, ""name"": ""witch""}, {""id"": 2343, ""name"": ""magic""}, {""id"": 3872, ""name"": ""broom""}, {""id"": 3884, ""name"": ""school of witchcraft""}, {""id"": 6333, ""name"": ""wizardry""}, {""id"": 10164, ""name"": ""apparition""}, {""id"": 10791, ""name"": ""teenage crush""}, {""id"": 12564, ""name"": ""werewolf""}]",en,Harry Potter and the Half-Blood Prince,"As Harry begins his sixth year at Hogwarts, he discovers an old book marked as 'Property of the Half-Blood Prince', and begins to learn more about Lord Voldemort's dark past.",98.885637,"[{""name"": ""Warner Bros."", ""id"": 6194}, {""name"": ""Heyday Films"", ""id"": 7364}]","[{""iso_3166_1"": ""GB"", ""name"": ""United Kingdom""}, {""iso_3166_1"": ""US"", ""name"": ""United States of America""}]",2009-07-07,933959197,153.0,"[{""iso_639_1"": ""en"", ""name"": ""English""}]",Released,Dark Secrets Revealed,Harry Potter and the Half-Blood Prince,7.4,5293,683959197
250000000,"[{""id"": 28, ""name"": ""Action""}, {""id"": 12, ""name"": ""Adventure""}, {""id"": 14, ""name"": ""Fantasy""}]",http://www.batmanvsupermandawnofjustice.com/,209112,"[{""id"": 849, ""name"": ""dc comics""}, {""id"": 7002, ""name"": ""vigilante""}, {""id"": 9715, ""name"": ""superhero""}, {""id"": 9717, ""name"": ""based on comic book""}, {""id"": 9748, ""name"": ""revenge""}, {""id"": 163455, ""name"": ""super powers""}, {""id"": 195242, ""name"": ""clark kent""}, {""id"": 195243, ""name"": ""bruce wayne""}, {""id"": 229266, ""name"": ""dc extended universe""}]",en,Batman v Superman: Dawn of Justice,"Fearing the actions of a god-like Super Hero left unchecked, Gotham City’s own formidable, forceful vigilante takes on Metropolis’s most revered, modern-day savior, while the world wrestles with what sort of hero it really needs. And with Batman and Superman at war with one another, a new threat quickly arises, putting mankind in greater danger than it’s ever known before.",155.790452,"[{""name"": ""DC Comics"", ""id"": 429}, {""name"": ""Atlas Entertainment"", ""id"": 507}, {""name"": ""Warner Bros."", ""id"": 6194}, {""name"": ""DC Entertainment"", ""id"": 9993}, {""name"": ""Cruel & Unusual Films"", ""id"": 9995}, {""name"": ""RatPac-Dune Entertainment"", ""id"": 41624}]","[{""iso_3166_1"": ""US"", ""name"": ""United States of America""}]",2016-03-23,873260194,151.0,"[{""iso_639_1"": ""en"", ""name"": ""English""}]",Released,Justice or revenge,Batman v Superman: Dawn of Justice,5.7,7004,623260194
270000000,"[{""id"": 12, ""name"": ""Adventure""}, {""id"": 14, ""name"": ""Fantasy""}, {""id"": 28, ""name"": ""Action""}, {""id"": 878, ""name"": ""Science Fiction""}]",http://www.superman.com,1452,"[{""id"": 83, ""name"": ""saving the world""}, {""id"": 849, ""name"": ""dc comics""}, {""id"": 8872, ""name"": ""invulnerability""}, {""id"": 9663, ""name"": ""sequel""}, {""id"": 9715, ""name"": ""superhero""}, {""id"": 9717, ""name"": ""based on comic book""}, {""id"": 163420, ""name"": ""kryptonite""}, {""id"": 163455, ""name"": ""super powers""}, {""id"": 179102, ""name"": ""superhuman strength""}, {""id"": 202526, ""name"": ""lex luthor""}]",en,Superman Returns,"Superman returns to discover his 5-year absence has allowed Lex Luthor to walk free, and that those he was closest too felt abandoned and have moved on. Luthor plots his ultimate revenge that could see millions killed and change the face of the planet forever, as well as ridding himself of the Man of Steel.",57.925623,"[{""name"": ""DC Comics"", ""id"": 429}, {""name"": ""Legendary Pictures"", ""id"": 923}, {""name"": ""Warner Bros."", ""id"": 6194}, {""name"": ""Bad Hat Harry Productions"", ""id"": 9168}]","[{""iso_3166_1"": ""US"", ""name"": ""United States of America""}]",2006-06-28,391081192,154.0,"[{""iso_639_1"": ""en"", ""name"": ""English""}, {""iso_639_1"": ""fr"", ""name"": ""Fran\u00e7ais""}, {""iso_639_1"": ""de"", ""name"": ""Deutsch""}]",Released,,Superman Returns,5.4,1400,121081192
200000000,"[{""id"": 12, ""name"": ""Adventure""}, {""id"": 28, ""name"": ""Action""}, {""id"": 53, ""name"": ""Thriller""}, {""id"": 80, ""name"": ""Crime""}]",http://www.mgm.com/view/movie/234/Quantum-of-Solace/,10764,"[{""id"": 627, ""name"": ""killing""}, {""id"": 1568, ""name"": ""undercover""}, {""id"": 4289, ""name"": ""secret agent""}, {""id"": 156095, ""name"": ""british secret service""}]",en,Quantum of Solace,"Quantum of Solace continues the adventures of James Bond after Casino Royale. Betrayed by Vesper, the woman he loved, 007 fights the urge to make his latest mission personal. Pursuing his determination to uncover the truth, Bond and M interrogate Mr. White, who reveals that the organization that blackmailed Vesper is far more complex and dangerous than anyone had imagined.",107.928811,"[{""name"": ""Eon Productions"", ""id"": 7576}]","[{""iso_3166_1"": ""GB"", ""name"": ""United Kingdom""}, {""iso_3166_1"": ""US"", ""name"": ""United States of America""}]",2008-10-30,586090727,106.0,"[{""iso_639_1"": ""en"", ""name"": ""English""}, {""iso_639_1"": ""es"", ""name"": ""Espa\u00f1ol""}, {""iso_639_1"": ""it"", ""name"": ""Italiano""}, {""iso_639_1"": ""fr"", ""name"": ""Fran\u00e7ais""}, {""iso_639_1"": ""de"", ""name"": ""Deutsch""}]",Released,"For love, for hate, for justice, for revenge.",Quantum of Solace,6.1,2965,386090727
200000000,"[{""id"": 12, ""name"": ""Adventure""}, {""id"": 14, ""name"": ""Fantasy""}, {""id"": 28, ""name"": ""Action""}]",http://disney.go.com/disneypictures/pirates/,58,"[{""id"": 616, ""name"": ""witch""}, {""id"": 663, ""name"": ""fortune teller""}, {""id"": 910, ""name"": ""bondage""}, {""id"": 911, ""name"": ""exotic island""}, {""id"": 1299, ""name"": ""monster""}, {""id"": 1316, ""name"": ""captain""}, {""id"": 1317, ""name"": ""card game""}, {""id"": 1319, ""name"": ""east india trading company""}, {""id"": 1461, ""name"": ""compass""}, {""id"": 3799, ""name"": ""ship""}, {""id"": 5600, ""name"": ""daughter""}, {""id"": 12988, ""name"": ""pirate""}, {""id"": 157186, ""name"": ""swashbuckler""}, {""id"": 179430, ""name"": ""aftercreditsstinger""}]",en,Pirates of the Caribbean: Dead Man's Chest,"Captain Jack Sparrow works his way out of a blood debt with the ghostly Davey Jones, he also attempts to avoid eternal damnation.",145.847379,"[{""name"": ""Walt Disney Pictures"", ""id"": 2}, {""name"": ""Jerry Bruckheimer Films"", ""id"": 130}, {""name"": ""Second Mate Productions"", ""id"": 19936}]","[{""iso_3166_1"": ""JM"", ""name"": ""Jamaica""}, {""iso_3166_1"": ""US"", ""name"": ""United States of America""}, {""iso_3166_1"": ""BS"", ""name"": ""Bahamas""}, {""iso_3166_1"": ""DM"", ""name"": ""Dominica""}]",2006-06-20,1065659812,151.0,"[{""iso_639_1"": ""en"", ""name"": ""English""}, {""iso_639_1"": ""tr"", ""name"": ""T\u00fcrk\u00e7e""}, {""iso_639_1"": ""el"", ""name"": ""\u03b5\u03bb\u03bb\u03b7\u03bd\u03b9\u03ba\u03ac""}, {""iso_639_1"": ""zh"", ""name"": ""\u666e\u901a\u8bdd""}]",Released,Jack is back!,Pirates of the Caribbean: Dead Man's Chest,7.0,5246,865659812
255000000,"[{""id"": 28, ""name"": ""Action""}, {""id"": 12, ""name"": ""Adventure""}, {""id"": 37, ""name"": ""Western""}]",http://disney.go.com/the-lone-ranger/,57201,"[{""id"": 1556, ""name"": ""texas""}, {""id"": 2673, ""name"": ""horse""}, {""id"": 5385, ""name"": ""survivor""}, {""id"": 5901, ""name"": ""texas ranger""}, {""id"": 9104, ""name"": ""partner""}, {""id"": 9503, ""name"": ""outlaw""}, {""id"": 10685, ""name"": ""escape""}, {""id"": 10909, ""name"": ""lawyer""}, {""id"": 13008, ""name"": ""train""}, {""id"": 178867, ""name"": ""lone ranger""}, {""id"": 179419, ""name"": ""comanche""}, {""id"": 222787, ""name"": ""the lone ranger""}, {""id"": 228232, ""name"": ""tonto""}]",en,The Lone Ranger,"The Texas Rangers chase down a gang of outlaws led by Butch Cavendish, but the gang ambushes the Rangers, seemingly killing them all. One survivor is found, however, by an American Indian named Tonto, who nurses him back to health. The Ranger, donning a mask and riding a white stallion named Silver, teams up with Tonto to bring the unscrupulous gang and others of that ilk to justice.",49.046956,"[{""name"": ""Walt Disney Pictures"", ""id"": 2}, {""name"": ""Jerry Bruckheimer Films"", ""id"": 130}, {""name"": ""Infinitum Nihil"", ""id"": 2691}, {""name"": ""Silver Bullet Productions (II)"", ""id"": 37380}, {""name"": ""Blind Wink Productions"", ""id"": 37381}, {""name"": ""Classic Media"", ""id"": 37382}]","[{""iso_3166_1"": ""US"", ""name"": ""United States of America""}]",2013-07-03,89289910,149.0,"[{""iso_639_1"": ""en"", ""name"": ""English""}]",Released,Never Take Off the Mask,The Lone Ranger,5.9,2311,-165710090
225000000,"[{""id"": 28, ""name"": ""Action""}, {""id"": 12, ""name"": ""Adventure""}, {""id"": 14, ""name"": ""Fantasy""}, {""id"": 878, ""name"": ""Science Fiction""}]",http://www.manofsteel.com/,49521,"[{""id"": 83, ""name"": ""saving the world""}, {""id"": 849, ""name"": ""dc comics""}, {""id"": 9715, ""name"": ""superhero""}, {""id"": 9717, ""name"": ""based on comic book""}, {""id"": 10761, ""name"": ""superhuman""}, {""id"": 14909, ""name"": ""alien invasion""}, {""id"": 161184, ""name"": ""reboot""}, {""id"": 163455, ""name"": ""super powers""}, {""id"": 229266, ""name"": ""dc extended universe""}]",en,Man of Steel,"A young boy learns that he has extraordinary powers and is not of this earth. As a young man, he journeys to discover where he came from and what he was sent here to do. But the hero in him must emerge if he is to save the world from annihilation and become the symbol of hope for all mankind.",99.398009,"[{""name"": ""Legendary Pictures"", ""id"": 923}, {""name"": ""Warner Bros."", ""id"": 6194}, {""name"": ""DC Entertainment"", ""id"": 9993}, {""name"": ""Syncopy"", ""id"": 9996}, {""name"": ""Cruel and Unusual Films"", ""id"": 78685}]","[{""iso_3166_1"": ""GB"", ""name"": ""United Kingdom""}, {""iso_3166_1"": ""US"", ""name"": ""United States of America""}]",2013-06-12,662845518,143.0,"[{""iso_639_1"": ""en"", ""name"": ""English""}]",Released,You will believe that a man can fly.,Man of Steel,6.5,6359,437845518
225000000,"[{""id"": 12, ""name"": ""Adventure""}, {""id"": 10751, ""name"": ""Family""}, {""id"": 14, ""name"": ""Fantasy""}]",,2454,"[{""id"": 818, ""name"": ""based on novel""}, {""id"": 855, ""name"": ""fictional place""}, {""id"": 1155, ""name"": ""brother sister relationship""}, {""id"": 2043, ""name"": ""lion""}, {""id"": 3714, ""name"": ""human being""}, {""id"": 4391, ""name"": ""wretch""}, {""id"": 4820, ""name"": ""leap in time""}, {""id"": 5144, ""name"": ""matter of life and death""}, {""id"": 6150, ""name"": ""faith""}, {""id"": 6464, ""name"": ""uncle""}, {""id"": 166930, ""name"": ""narnia""}, {""id"": 170362, ""name"": ""fantasy world""}]",en,The Chronicles of Narnia: Prince Caspian,"One year after their incredible adventures in the Lion, the Witch and the Wardrobe, Peter, Edmund, Lucy and Susan Pevensie return to Narnia to aid a young prince whose life has been threatened by the evil King Miraz. Now, with the help of a colorful cast of new characters, including Trufflehunter the badger and Nikabrik the dwarf, the Pevensie clan embarks on an incredible quest to ensure that Narnia is returned to its rightful heir.",53.978602,"[{""name"": ""Walt Disney"", ""id"": 5888}, {""name"": ""Walden Media"", ""id"": 10221}, {""name"": ""Stillking Films"", ""id"": 11345}, {""name"": ""Ozumi Films"", ""id"": 11440}, {""name"": ""Propeler"", ""id"": 11441}, {""name"": ""Silverbell Films"", ""id"": 11442}, {""name"": ""Revolution Sun Studios"", ""id"": 76043}]","[{""iso_3166_1"": ""CZ"", ""name"": ""Czech Republic""}, {""iso_3166_1"": ""PL"", ""name"": ""Poland""}, {""iso_3166_1"": ""SI"", ""name"": ""Slovenia""}, {""iso_3166_1"": ""US"", ""name"": ""United States of America""}]",2008-05-15,419651413,150.0,"[{""iso_639_1"": ""en"", ""name"": ""English""}]",Released,Hope has a new face.,The Chronicles of Narnia: Prince Caspian,6.3,1630,194651413
220000000,"[{""id"": 878, ""name"": ""Science Fiction""}, {""id"": 28, ""name"": ""Action""}, {""id"": 12, ""name"": ""Adventure""}]",http://marvel.com/avengers_movie/,24428,"[{""id"": 242, ""name"": ""new york""}, {""id"": 5539, ""name"": ""shield""}, {""id"": 8828, ""name"": ""marvel comic""}, {""id"": 9715, ""name"": ""superhero""}, {""id"": 9717, ""name"": ""based on comic book""}, {""id"": 14909, ""name"": ""alien invasion""}, {""id"": 155030, ""name"": ""superhero team""}, {""id"": 179430, ""name"": ""aftercreditsstinger""}, {""id"": 179431, ""name"": ""duringcreditsstinger""}, {""id"": 180547, ""name"": ""marvel cinematic universe""}]",en,The Avengers,"When an unexpected enemy emerges and threatens global safety and security, Nick Fury, director of the international peacekeeping agency known as S.H.I.E.L.D., finds himself in need of a team to pull the world back from the brink of disaster. Spanning the globe, a daring recruitment effort begins!",144.448633,"[{""name"": ""Paramount Pictures"", ""id"": 4}, {""name"": ""Marvel Studios"", ""id"": 420}]","[{""iso_3166_1"": ""US"", ""name"": ""United States of America""}]",2012-04-25,1519557910,143.0,"[{""iso_639_1"": ""en"", ""name"": ""English""}]",Released,Some assembly required.,The Avengers,7.4,11776,1299557910
380000000,"[{""id"": 12, ""name"": ""Adventure""}, {""id"": 28, ""name"": ""Action""}, {""id"": 14, ""name"": ""Fantasy""}]",http://disney.go.com/pirates/index-on-stranger-tides.html#/video/,1865,"[{""id"": 658, ""name"": ""sea""}, {""id"": 1316, ""name"": ""captain""}, {""id"": 1860, ""name"": ""mutiny""}, {""id"": 1938, ""name"": ""sword""}, {""id"": 2569, ""name"": ""prime minister""}, {""id"": 3180, ""name"": ""sailing""}, {""id"": 3625, ""name"": ""silver""}, {""id"": 3799, ""name"": ""ship""}, {""id"": 4235, ""name"": ""duke""}, {""id"": 5938, ""name"": ""mermaid""}, {""id"": 12988, ""name"": ""pirate""}, {""id"": 13065, ""name"": ""soldier""}, {""id"": 14643, ""name"": ""battle""}, {""id"": 157186, ""name"": ""swashbuckler""}, {""id"": 179430, ""name"": ""aftercreditsstinger""}, {""id"": 209714, ""name"": ""3d""}]",en,Pirates of the Caribbean: On Stranger Tides,"Captain Jack Sparrow crosses paths with a woman from his past, and he's not sure if it's love -- or if she's a ruthless con artist who's using him to find the fabled Fountain of Youth. When she forces him aboard the Queen Anne's Revenge, the ship of the formidable pirate Blackbeard, Jack finds himself on an unexpected adventure in which he doesn't know who to fear more: Blackbeard or the woman from his past.",135.413856,"[{""name"": ""Walt Disney Pictures"", ""id"": 2}, {""name"": ""Jerry Bruckheimer Films"", ""id"": 130}, {""name"": ""Moving Picture Company (MPC)"", ""id"": 20478}]","[{""iso_3166_1"": ""US"", ""name"": ""United States of America""}]",2011-05-14,1045713802,136.0,"[{""iso_639_1"": ""en"", ""name"": ""English""}, {""iso_639_1"": ""es"", ""name"": ""Espa\u00f1ol""}]",Released,Live Forever Or Die Trying.,Pirates of the Caribbean: On Stranger Tides,6.4,4948,665713802
225000000,"[{""id"": 28, ""name"": ""Action""}, {""id"": 35, ""name"": ""Comedy""}, {""id"": 878, ""name"": ""Science Fiction""}]",http://www.sonypictures.com/movies/meninblack3/,41154,"[{""id"": 4379, ""name"": ""time travel""}, {""id"": 5455, ""name"": ""time machine""}, {""id"": 9951, ""name"": ""alien""}, {""id"": 174915, ""name"": ""fictional government agency""}, {""id"": 185668, ""name"": ""seeing the future""}, {""id"": 208756, ""name"": ""changing history""}]",en,Men in Black 3,"Agents J (Will Smith) and K (Tommy Lee Jones) are back...in time. J has seen some inexplicable things in his 15 years with the Men in Black, but nothing, not even aliens, perplexes him as much as his wry, reticent partner. But when K's life and the fate of the planet are put at stake, Agent J will have to travel back in time to put things right. J discovers that there are secrets to the universe that K never told him - secrets that will reveal themselves as he teams up with the young Agent K (Josh Brolin) to save his partner, the agency, and the future of humankind.",52.035179,"[{""name"": ""Amblin Entertainment"", ""id"": 56}, {""name"": ""Media Magik Entertainment"", ""id"": 5627}, {""name"": ""Imagenation Abu Dhabi FZ"", ""id"": 6736}, {""name"": ""Hemisphere Media Capital"", ""id"": 9169}, {""name"": ""Parkes/MacDonald Productions"", ""id"": 11084}]","[{""iso_3166_1"": ""US"", ""name"": ""United States of America""}]",2012-05-23,624026776,106.0,"[{""iso_639_1"": ""en"", ""name"": ""English""}]",Released,They are back... in time.,Men in Black 3,6.2,4160,399026776
250000000,"[{""id"": 28, ""name"": ""Action""}, {""id"": 12, ""name"": ""Adventure""}, {""id"": 14, ""name"": ""Fantasy""}]",http://www.thehobbit.com/,122917,"[{""id"": 417, ""name"": ""corruption""}, {""id"": 603, ""name"": ""elves""}, {""id"": 604, ""name"": ""dwarves""}, {""id"": 606, ""name"": ""orcs""}, {""id"": 609, ""name"": ""middle-earth (tolkien)""}, {""id"": 611, ""name"": ""hobbit""}, {""id"": 12554, ""name"": ""dragon""}, {""id"": 14643, ""name"": ""battle""}, {""id"": 167982, ""name"": ""unlikely friendship""}, {""id"": 188270, ""name"": ""epic battle""}, {""id"": 234213, ""name"": ""sword and sorcery""}]",en,The Hobbit: The Battle of the Five Armies,"Immediately after the events of The Desolation of Smaug, Bilbo and the dwarves try to defend Erebor's mountain of treasure from others who claim it: the men of the ruined Laketown and the elves of Mirkwood. Meanwhile an army of Orcs led by Azog the Defiler is marching on Erebor, fueled by the rise of the dark lord Sauron. Dwarves, elves and men must unite, and the hope for Middle-Earth falls into Bilbo's hands.",120.965743,"[{""name"": ""WingNut Films"", ""id"": 11}, {""name"": ""New Line Cinema"", ""id"": 12}, {""name"": ""Warner Bros. Pictures"", ""id"": 174}, {""name"": ""3Foot7"", ""id"": 7413}, {""name"": ""Metro-Goldwyn-Mayer (MGM)"", ""id"": 8411}]","[{""iso_3166_1"": ""NZ"", ""name"": ""New Zealand""}, {""iso_3166_1"": ""US"", ""name"": ""United States of America""}]",2014-12-10,956019788,144.0,"[{""iso_639_1"": ""en"", ""name"": ""English""}]",Released,Witness the defining chapter of the Middle-Earth saga,The Hobbit: The Battle of the Five Armies,7.1,4760,706019788
215000000,"[{""id"": 28, ""name"": ""Action""}, {""id"": 12, ""name"": ""Adventure""}, {""id"": 14, ""name"": ""Fantasy""}]",http://www.theamazingspiderman.com,1930,"[{""id"": 1872, ""name"": ""loss of father""}, {""id"": 7002, ""name"": ""vigilante""}, {""id"": 8803, ""name"": ""serum""}, {""id"": 8828, ""name"": ""marvel comic""}, {""id"": 156855, ""name"": ""scientific experiment""}, {""id"": 158124, ""name"": ""spider bite""}, {""id"": 158456, ""name"": ""masked vigilante""}, {""id"": 161184, ""name"": ""reboot""}, {""id"": 163455, ""name"": ""super powers""}, {""id"": 163561, ""name"": ""genetic engineering""}, {""id"": 171556, ""name"": ""social outcast""}, {""id"": 179431, ""name"": ""duringcreditsstinger""}]",en,The Amazing Spider-Man,"Peter Parker is an outcast high schooler abandoned by his parents as a boy, leaving him to be raised by his Uncle Ben and Aunt May. Like most teenagers, Peter is trying to figure out who he is and how he got to be the person he is today. As Peter discovers a mysterious briefcase that belonged to his father, he begins a quest to understand his parents' disappearance – leading him directly to Oscorp and the lab of Dr. Curt Connors, his father's former partner. As Spider-Man is set on a collision course with Connors' alter ego, The Lizard, Peter will make life-altering choices to use his powers and shape his destiny to become a hero.",89.866276,"[{""name"": ""Columbia Pictures"", ""id"": 5}, {""name"": ""Laura Ziskin Productions"", ""id"": 326}, {""name"": ""Marvel Entertainment"", ""id"": 7505}]","[{""iso_3166_1"": ""US"", ""name"": ""United States of America""}]",2012-06-27,752215857,136.0,"[{""iso_639_1"": ""en"", ""name"": ""English""}]",Released,The untold story begins.,The Amazing Spider-Man,6.5,6586,537215857
200000000,"[{""id"": 28, ""name"": ""Action""}, {""id"": 12, ""name"": ""Adventure""}]",http://www.robinhoodthemovie.com/,20662,"[{""id"": 4147, ""name"": ""robin hood""}, {""id"": 4393, ""name"": ""archer""}, {""id"": 10466, ""name"": ""knight""}, {""id"": 11525, ""name"": ""sherwood forest""}, {""id"": 18101, ""name"": ""bow and arrow""}, {""id"": 41406, ""name"": ""middle ages""}, {""id"": 161257, ""name"": ""medieval""}, {""id"": 186686, ""name"": ""king of england""}]",en,Robin Hood,"When soldier Robin happens upon the dying Robert of Loxley, he promises to return the man's sword to his family in Nottingham. There, he assumes Robert's identity; romances his widow, Marion; and draws the ire of the town's sheriff and King John's henchman, Godfrey.",37.668301,"[{""name"": ""Imagine Entertainment"", ""id"": 23}, {""name"": ""Universal Pictures"", ""id"": 33}, {""name"": ""Scott Free Productions"", ""id"": 1645}, {""name"": ""Relativity Media"", ""id"": 7295}]","[{""iso_3166_1"": ""GB"", ""name"": ""United Kingdom""}, {""iso_3166_1"": ""US"", ""name"": ""United States of America""}]",2010-05-12,310669540,140.0,"[{""iso_639_1"": ""en"", ""name"": ""English""}, {""iso_639_1"": ""th"", ""name"": ""\u0e20\u0e32\u0e29\u0e32\u0e44\u0e17\u0e22""}]",Released,"Rise and rise again, until lambs become lions.",Robin Hood,6.2,1398,110669540
250000000,"[{""id"": 12, ""name"": ""Adventure""}, {""id"": 14, ""name"": ""Fantasy""}]",http://www.thehobbit.com/,57158,"[{""id"": 603, ""name"": ""elves""}, {""id"": 604, ""name"": ""dwarves""}, {""id"": 606, ""name"": ""orcs""}, {""id"": 611, ""name"": ""hobbit""}, {""id"": 12554, ""name"": ""dragon""}, {""id"": 177912, ""name"": ""wizard""}, {""id"": 234213, ""name"": ""sword and sorcery""}]",en,The Hobbit: The Desolation of Smaug,"The Dwarves, Bilbo and Gandalf have successfully escaped the Misty Mountains, and Bilbo has gained the One Ring. They all continue their journey to get their gold back from the Dragon, Smaug.",94.370564,"[{""name"": ""WingNut Films"", ""id"": 11}, {""name"": ""New Line Cinema"", ""id"": 12}, {""name"": ""Warner Bros. Pictures"", ""id"": 174}, {""name"": ""Metro-Goldwyn-Mayer (MGM)"", ""id"": 8411}]","[{""iso_3166_1"": ""NZ"", ""name"": ""New Zealand""}, {""iso_3166_1"": ""US"", ""name"": ""United States of America""}]",2013-12-11,958400000,161.0,"[{""iso_639_1"": ""en"", ""name"": ""English""}]",Released,Beyond darkness... beyond desolation... lies the greatest danger of all.,The Hobbit: The Desolation of Smaug,7.6,4524,708400000
207000000,"[{""id"": 12, ""name"": ""Adventure""}, {""id"": 18, ""name"": ""Drama""}, {""id"": 28, ""name"": ""Action""}]",,254,"[{""id"": 774, ""name"": ""film business""}, {""id"": 776, ""name"": ""screenplay""}, {""id"": 837, ""name"": ""show business""}, {""id"": 886, ""name"": ""film making""}, {""id"": 887, ""name"": ""film producer""}, {""id"": 911, ""name"": ""exotic island""}, {""id"": 1299, ""name"": ""monster""}, {""id"": 1551, ""name"": ""indigenous""}, {""id"": 3799, ""name"": ""ship""}, {""id"": 12616, ""name"": ""dinosaur""}]",en,King Kong,"In 1933 New York, an overly ambitious movie producer coerces his cast and hired ship crew to travel to mysterious Skull Island, where they encounter Kong, a giant ape who is immediately smitten with the leading lady.",61.22601,"[{""name"": ""WingNut Films"", ""id"": 11}, {""name"": ""Universal Pictures"", ""id"": 33}, {""name"": ""Big Primate Pictures"", ""id"": 68}, {""name"": ""MFPV Film"", ""id"": 69}]","[{""iso_3166_1"": ""NZ"", ""name"": ""New Zealand""}, {""iso_3166_1"": ""US"", ""name"": ""United States of America""}, {""iso_3166_1"": ""DE"", ""name"": ""Germany""}]",2005-12-14,550000000,187.0,"[{""iso_639_1"": ""en"", ""name"": ""English""}]",Released,The eighth wonder of the world.,King Kong,6.6,2337,343000000
200000000,"[{""id"": 18, ""name"": ""Drama""}, {""id"": 10749, ""name"": ""Romance""}, {""id"": 53, ""name"": ""Thriller""}]",http://www.titanicmovie.com,597,"[{""id"": 2580, ""name"": ""shipwreck""}, {""id"": 2984, ""name"": ""iceberg""}, {""id"": 3799, ""name"": ""ship""}, {""id"": 4210, ""name"": ""panic""}, {""id"": 4388, ""name"": ""titanic""}, {""id"": 4953, ""name"": ""ocean liner""}, {""id"": 6917, ""name"": ""epic""}, {""id"": 7579, ""name"": ""rich woman - poor man""}, {""id"": 9673, ""name"": ""love""}, {""id"": 10617, ""name"": ""disaster""}, {""id"": 10703, ""name"": ""tragic love""}, {""id"": 14514, ""name"": ""class differences""}, {""id"": 156395, ""name"": ""imax""}, {""id"": 165086, ""name"": ""star crossed lovers""}, {""id"": 182615, ""name"": ""steerage""}, {""id"": 182621, ""name"": ""salvage""}, {""id"": 182625, ""name"": ""rich snob""}, {""id"": 209714, ""name"": ""3d""}, {""id"": 210184, ""name"": ""1910s""}]",en,Titanic,"84 years later, a 101-year-old woman named Rose DeWitt Bukater tells the story to her granddaughter Lizzy Calvert, Brock Lovett, Lewis Bodine, Bobby Buell and Anatoly Mikailavich on the Keldysh about her life set in April 10th 1912, on a ship called Titanic when young Rose boards the departing ship with the upper-class passengers and her mother, Ruth DeWitt Bukater, and her fiancé, Caledon Hockley. Meanwhile, a drifter and artist named Jack Dawson and his best friend Fabrizio De Rossi win third-class tickets to the ship in a game. And she explains the whole story from departure until the death of Titanic on its first and last voyage April 15th, 1912 at 2:20 in the morning.",100.025899,"[{""name"": ""Paramount Pictures"", ""id"": 4}, {""name"": ""Twentieth Century Fox Film Corporation"", ""id"": 306}, {""name"": ""Lightstorm Entertainment"", ""id"": 574}]","[{""iso_3166_1"": ""US"", ""name"": ""United States of America""}]",1997-11-18,1845034188,194.0,"[{""iso_639_1"": ""en"", ""name"": ""English""}, {""iso_639_1"": ""fr"", ""name"": ""Fran\u00e7ais""}, {""iso_639_1"": ""de"", ""name"": ""Deutsch""}, {""iso_639_1"": ""sv"", ""name"": ""svenska""}, {""iso_639_1"": ""it"", ""name"": ""Italiano""}, {""iso_639_1"": ""ru"", ""name"": ""P\u0443\u0441\u0441\u043a\u0438\u0439""}]",Released,Nothing on Earth could come between them.,Titanic,7.5,7562,1645034188
250000000,"[{""id"": 12, ""name"": ""Adventure""}, {""id"": 28, ""name"": ""Action""}, {""id"": 878, ""name"": ""Science Fiction""}]",http://marvel.com/captainamericapremiere,271110,"[{""id"": 393, ""name"": ""civil war""}, {""id"": 6091, ""name"": ""war""}, {""id"": 8828, ""name"": ""marvel comic""}, {""id"": 9663, ""name"": ""sequel""}, {""id"": 9715, ""name"": ""superhero""}, {""id"": 9717, ""name"": ""based on comic book""}, {""id"": 156395, ""name"": ""imax""}, {""id"": 179430, ""name"": ""aftercreditsstinger""}, {""id"": 179431, ""name"": ""duringcreditsstinger""}, {""id"": 180547, ""name"": ""marvel cinematic universe""}, {""id"": 209714, ""name"": ""3d""}]",en,Captain America: Civil War,"Following the events of Age of Ultron, the collective governments of the world pass an act designed to regulate all superhuman activity. This polarizes opinion amongst the Avengers, causing two factions to side with Iron Man or Captain America, which causes an epic battle between former allies.",198.372395,"[{""name"": ""Studio Babelsberg"", ""id"": 264}, {""name"": ""Marvel Studios"", ""id"": 420}, {""name"": ""Walt Disney Studios Motion Pictures"", ""id"": 3036}, {""name"": ""Vita-Ray Dutch Productions (III)"", ""id"": 84424}, {""name"": ""Deluxe Digital Studios"", ""id"": 84425}]","[{""iso_3166_1"": ""US"", ""name"": ""United States of America""}]",2016-04-27,1153304495,147.0,"[{""iso_639_1"": ""ro"", ""name"": ""Rom\u00e2n\u0103""}, {""iso_639_1"": ""en"", ""name"": ""English""}, {""iso_639_1"": ""de"", ""name"": ""Deutsch""}, {""iso_639_1"": ""ru"", ""name"": ""P\u0443\u0441\u0441\u043a\u0438\u0439""}]",Released,Divided We Fall,Captain America: Civil War,7.1,7241,903304495
209000000,"[{""id"": 53, ""name"": ""Thriller""}, {""id"": 28, ""name"": ""Action""}, {""id"": 12, ""name"": ""Adventure""}, {""id"": 878, ""name"": ""Science Fiction""}]",,44833,"[{""id"": 1721, ""name"": ""fight""}, {""id"": 4410, ""name"": ""u.s. navy""}, {""id"": 11265, ""name"": ""mind reading""}, {""id"": 12354, ""name"": ""hong kong""}, {""id"": 13042, ""name"": ""soccer""}, {""id"": 14760, ""name"": ""scientist""}, {""id"": 14946, ""name"": ""fictional war""}, {""id"": 160855, ""name"": ""naval""}, {""id"": 160856, ""name"": ""armada""}, {""id"": 160860, ""name"": ""battleship""}, {""id"": 160861, ""name"": ""naval combat""}, {""id"": 160865, ""name"": ""jds myoko""}, {""id"": 160866, ""name"": ""lost communication""}, {""id"": 160868, ""name"": ""taser""}, {""id"": 160873, ""name"": ""buoy""}, {""id"": 160875, ""name"": ""communications expert""}, {""id"": 160876, ""name"": ""joint chiefs of staff""}, {""id"": 160879, ""name"": ""crash landing""}, {""id"": 160880, ""name"": ""jet fighter pilot""}, {""id"": 160881, ""name"": ""navy lieutenant""}, {""id"": 160884, ""name"": ""permission to marry""}, {""id"": 160885, ""name"": ""uss john paul jones""}, {""id"": 160887, ""name"": ""based on board game""}, {""id"": 179430, ""name"": ""aftercreditsstinger""}, {""id"": 227328, ""name"": ""mighty mo""}, {""id"": 227329, ""name"": ""uss missouri""}]",en,Battleship,"When mankind beams a radio signal into space, a reply comes from ‘Planet G’, in the form of several alien crafts that splash down in the waters off Hawaii. Lieutenant Alex Hopper is a weapons officer assigned to the USS John Paul Jones, part of an international naval coalition which becomes the world's last hope for survival as they engage the hostile alien force of unimaginable strength. While taking on the invaders, Hopper must also try to live up to the potential his brother, and his fiancée's father, Admiral Shane, expect of him.",64.928382,"[{""name"": ""Universal Pictures"", ""id"": 33}, {""name"": ""Hasbro"", ""id"": 2598}, {""name"": ""Bluegrass Films"", ""id"": 13778}, {""name"": ""Film 44"", ""id"": 20153}]","[{""iso_3166_1"": ""US"", ""name"": ""United States of America""}]",2012-04-11,303025485,131.0,"[{""iso_639_1"": ""en"", ""name"": ""English""}, {""iso_639_1"": ""th"", ""name"": ""\u0e20\u0e32\u0e29\u0e32\u0e44\u0e17\u0e22""}]",Released,The Battle for Earth Begins at Sea,Battleship,5.5,2114,94025485
150000000,"[{""id"": 28, ""name"": ""Action""}, {""id"": 12, ""name"": ""Adventure""}, {""id"": 878, ""name"": ""Science Fiction""}, {""id"": 53, ""name"": ""Thriller""}]",http://www.jurassicworld.com/,135397,"[{""id"": 1299, ""name"": ""monster""}, {""id"": 1718, ""name"": ""dna""}, {""id"": 1720, ""name"": ""tyrannosaurus rex""}, {""id"": 1766, ""name"": ""velociraptor""}, {""id"": 2041, ""name"": ""island""}, {""id"": 9663, ""name"": ""sequel""}, {""id"": 9937, ""name"": ""suspense""}, {""id"": 10617, ""name"": ""disaster""}, {""id"": 10685, ""name"": ""escape""}, {""id"": 12616, ""name"": ""dinosaur""}, {""id"": 155582, ""name"": ""amusement park""}, {""id"": 158130, ""name"": ""animal attack""}, {""id"": 158340, ""name"": ""theme park""}, {""id"": 178010, ""name"": ""jurassic park""}, {""id"": 209714, ""name"": ""3d""}, {""id"": 223059, ""name"": ""animal horror""}]",en,Jurassic World,"Twenty-two years after the events of Jurassic Park, Isla Nublar now features a fully functioning dinosaur theme park, Jurassic World, as originally envisioned by John Hammond.",418.708552,"[{""name"": ""Universal Studios"", ""id"": 13}, {""name"": ""Amblin Entertainment"", ""id"": 56}, {""name"": ""Legendary Pictures"", ""id"": 923}, {""name"": ""Fuji Television Network"", ""id"": 3341}, {""name"": ""Dentsu"", ""id"": 6452}]","[{""iso_3166_1"": ""US"", ""name"": ""United States of America""}]",2015-06-09,1513528810,124.0,"[{""iso_639_1"": ""en"", ""name"": ""English""}]",Released,The park is open.,Jurassic World,6.5,8662,1363528810
200000000,"[{""id"": 28, ""name"": ""Action""}, {""id"": 12, ""name"": ""Adventure""}, {""id"": 53, ""name"": ""Thriller""}]",http://www.skyfall-movie.com,37724,"[{""id"": 470, ""name"": ""spy""}, {""id"": 4289, ""name"": ""secret agent""}, {""id"": 9740, ""name"": ""sociopath""}, {""id"": 15127, ""name"": ""killer""}, {""id"": 15478, ""name"": ""art gallery""}, {""id"": 156095, ""name"": ""british secret service""}, {""id"": 156345, ""name"": ""istanbul turkey""}, {""id"": 156395, ""name"": ""imax""}, {""id"": 159932, ""name"": ""uzi""}, {""id"": 163841, ""name"": ""booby trap""}, {""id"": 185071, ""name"": ""impersonating a police officer""}, {""id"": 185077, ""name"": ""macao""}]",en,Skyfall,"When Bond's latest assignment goes gravely wrong and agents around the world are exposed, MI6 is attacked forcing M to relocate the agency. These events cause her authority and position to be challenged by Gareth Mallory, the new Chairman of the Intelligence and Security Committee. With MI6 now compromised from both inside and out, M is left with one ally she can trust: Bond. 007 takes to the shadows - aided only by field agent, Eve - following a trail to the mysterious Silva, whose lethal and hidden motives have yet to reveal themselves.",93.004993,"[{""name"": ""Columbia Pictures"", ""id"": 5}]","[{""iso_3166_1"": ""GB"", ""name"": ""United Kingdom""}, {""iso_3166_1"": ""US"", ""name"": ""United States of America""}]",2012-10-25,1108561013,143.0,"[{""iso_639_1"": ""en"", ""name"": ""English""}]",Released,Think on your sins.,Skyfall,6.9,7604,908561013
200000000,"[{""id"": 28, ""name"": ""Action""}, {""id"": 12, ""name"": ""Adventure""}, {""id"": 14, ""name"": ""Fantasy""}]",http://www.sonypictures.com/movies/spider-man2/,558,"[{""id"": 851, ""name"": ""dual identity""}, {""id"": 2038, ""name"": ""love of one's life""}, {""id"": 5983, ""name"": ""pizza boy""}, {""id"": 8828, ""name"": ""marvel comic""}, {""id"": 9663, ""name"": ""sequel""}, {""id"": 9715, ""name"": ""superhero""}, {""id"": 13005, ""name"": ""doctor""}, {""id"": 14760, ""name"": ""scientist""}, {""id"": 14991, ""name"": ""tentacle""}, {""id"": 34079, ""name"": ""death""}, {""id"": 163074, ""name"": ""super villain""}]",en,Spider-Man 2,"Peter Parker is going through a major identity crisis. Burned out from being Spider-Man, he decides to shelve his superhero alter ego, which leaves the city suffering in the wake of carnage left by the evil Doc Ock. In the meantime, Parker still can't act on his feelings for Mary Jane Watson, a girl he's loved since childhood.",35.149586,"[{""name"": ""Columbia Pictures"", ""id"": 5}, {""name"": ""Laura Ziskin Productions"", ""id"": 326}, {""name"": ""Marvel Enterprises"", ""id"": 19551}]","[{""iso_3166_1"": ""US"", ""name"": ""United States of America""}]",2004-06-25,783766341,127.0,"[{""iso_639_1"": ""en"", ""name"": ""English""}, {""iso_639_1"": ""ru"", ""name"": ""P\u0443\u0441\u0441\u043a\u0438\u0439""}, {""iso_639_1"": ""zh"", ""name"": ""\u666e\u901a\u8bdd""}]",Released,There's a hero in all of us.,Spider-Man 2,6.7,4321,583766341
200000000,"[{""id"": 28, ""name"": ""Action""}, {""id"": 12, ""name"": ""Adventure""}, {""id"": 878, ""name"": ""Science Fiction""}]",http://marvel.com/ironman3,68721,"[{""id"": 949, ""name"": ""terrorist""}, {""id"": 5597, ""name"": ""war on terror""}, {""id"": 6335, ""name"": ""tennessee""}, {""id"": 8613, ""name"": ""malibu""}, {""id"": 8828, ""name"": ""marvel comic""}, {""id"": 9715, ""name"": ""superhero""}, {""id"": 9717, ""name"": ""based on comic book""}, {""id"": 12555, ""name"": ""tony stark""}, {""id"": 173776, ""name"": ""iron man""}, {""id"": 179430, ""name"": ""aftercreditsstinger""}, {""id"": 180547, ""name"": ""marvel cinematic universe""}, {""id"": 188721, ""name"": ""mandarin""}, {""id"": 209714, ""name"": ""3d""}, {""id"": 209748, ""name"": ""war machine""}, {""id"": 209822, ""name"": ""iron patriot""}, {""id"": 209823, ""name"": ""extremis""}]",en,Iron Man 3,"When Tony Stark's world is torn apart by a formidable terrorist called the Mandarin, he starts an odyssey of rebuilding and retribution.",77.68208,"[{""name"": ""Marvel Studios"", ""id"": 420}]","[{""iso_3166_1"": ""CN"", ""name"": ""China""}, {""iso_3166_1"": ""US"", ""name"": ""United States of America""}]",2013-04-18,1215439994,130.0,"[{""iso_639_1"": ""en"", ""name"": ""English""}]",Released,Unleash the power behind the armor.,Iron Man 3,6.8,8806,1015439994
200000000,"[{""id"": 10751, ""name"": ""Family""}, {""id"": 14, ""name"": ""Fantasy""}, {""id"": 12, ""name"": ""Adventure""}]",http://disney.go.com/wonderland/,12155,"[{""id"": 818, ""name"": ""based on novel""}, {""id"": 855, ""name"": ""fictional place""}, {""id"": 2011, ""name"": ""queen""}, {""id"": 2486, ""name"": ""fantasy""}, {""id"": 12552, ""name"": ""alice in wonderland""}, {""id"": 170362, ""name"": ""fantasy world""}, {""id"": 209714, ""name"": ""3d""}]",en,Alice in Wonderland,"Alice, an unpretentious and individual 19-year-old, is betrothed to a dunce of an English nobleman. At her engagement party, she escapes the crowd to consider whether to go through with the marriage and falls down a hole in the garden after spotting an unusual rabbit. Arriving in a strange and surreal place called 'Underland,' she finds herself in a world that resembles the nightmares she had as a child, filled with talking animals, villainous queens and knights, and frumious bandersnatches. Alice realizes that she is there for a reason – to conquer the horrific Jabberwocky and restore the rightful queen to her throne.",78.530105,"[{""name"": ""Walt Disney Pictures"", ""id"": 2}, {""name"": ""Team Todd"", ""id"": 598}, {""name"": ""Tim Burton Productions"", ""id"": 8601}, {""name"": ""Roth Films"", ""id"": 16314}, {""name"": ""Zanuck Company, The"", ""id"": 20004}]","[{""iso_3166_1"": ""US"", ""name"": ""United States of America""}]",2010-03-03,1025491110,108.0,"[{""iso_639_1"": ""en"", ""name"": ""English""}]",Released,You're invited to a very important date.,Alice in Wonderland,6.4,4645,825491110
210000000,"[{""id"": 12, ""name"": ""Adventure""}, {""id"": 28, ""name"": ""Action""}, {""id"": 878, ""name"": ""Science Fiction""}, {""id"": 53, ""name"": ""Thriller""}]",,36668,"[{""id"": 1852, ""name"": ""mutant""}, {""id"": 8828, ""name"": ""marvel comic""}, {""id"": 9717, ""name"": ""based on comic book""}, {""id"": 10761, ""name"": ""superhuman""}, {""id"": 161271, ""name"": ""beast""}, {""id"": 161893, ""name"": ""cyclops""}, {""id"": 179430, ""name"": ""aftercreditsstinger""}]",en,X-Men: The Last Stand,"When a cure is found to treat mutations, lines are drawn amongst the X-Men and The Brotherhood, a band of powerful mutants organized under Xavier's former ally, Magneto.",3.857526,"[{""name"": ""Ingenious Film Partners"", ""id"": 289}, {""name"": ""Twentieth Century Fox Film Corporation"", ""id"": 306}, {""name"": ""Donners' Company"", ""id"": 431}, {""name"": ""Dune Entertainment"", ""id"": 444}, {""name"": ""Major Studio Partners"", ""id"": 445}, {""name"": ""Bad Hat Harry Productions"", ""id"": 9168}, {""name"": ""thinkfilm"", ""id"": 12247}, {""name"": ""Marvel Enterprises"", ""id"": 19551}, {""name"": ""X3 Canada Productions"", ""id"": 79028}, {""name"": ""X3US Productions"", ""id"": 79029}, {""name"": ""XM3 Service"", ""id"": 79030}]","[{""iso_3166_1"": ""CA"", ""name"": ""Canada""}, {""iso_3166_1"": ""GB"", ""name"": ""United Kingdom""}, {""iso_3166_1"": ""US"", ""name"": ""United States of America""}]",2006-05-24,459359555,104.0,"[{""iso_639_1"": ""en"", ""name"": ""English""}]",Released,Take a Stand,X-Men: The Last Stand,6.3,3525,249359555
200000000,"[{""id"": 16, ""name"": ""Animation""}, {""id"": 10751, ""name"": ""Family""}]",,62211,"[{""id"": 1299, ""name"": ""monster""}, {""id"": 5984, ""name"": ""dormitory""}, {""id"": 6186, ""name"": ""games""}, {""id"": 10336, ""name"": ""animation""}, {""id"": 12392, ""name"": ""best friend""}, {""id"": 13160, ""name"": ""university""}, {""id"": 163303, ""name"": ""scary""}, {""id"": 179430, ""name"": ""aftercreditsstinger""}]",en,Monsters University,A look at the relationship between Mike and Sulley during their days at Monsters University — when they weren't necessarily the best of friends.,89.186492,"[{""name"": ""Walt Disney Pictures"", ""id"": 2}, {""name"": ""Pixar Animation Studios"", ""id"": 3}]","[{""iso_3166_1"": ""US"", ""name"": ""United States of America""}]",2013-06-20,743559607,104.0,"[{""iso_639_1"": ""en"", ""name"": ""English""}]",Released,School never looked this scary.,Monsters University,7.0,3528,543559607
210000000,"[{""id"": 878, ""name"": ""Science Fiction""}, {""id"": 28, ""name"": ""Action""}, {""id"": 12, ""name"": ""Adventure""}]",http://www.transformersmovie.com,91314,"[{""id"": 9663, ""name"": ""sequel""}, {""id"": 9951, ""name"": ""alien""}, {""id"": 10607, ""name"": ""transformers""}, {""id"": 10891, ""name"": ""giant robot""}, {""id"": 14544, ""name"": ""robot""}, {""id"": 156395, ""name"": ""imax""}, {""id"": 166594, ""name"": ""transforming robot""}]",en,Transformers: Age of Extinction,"As humanity picks up the pieces, following the conclusion of ""Transformers: Dark of the Moon,"" Autobots and Decepticons have all but vanished from the face of the planet. However, a group of powerful, ingenious businessman and scientists attempt to learn from past Transformer incursions and push the boundaries of technology beyond what they can control - all while an ancient, powerful Transformer menace sets Earth in his cross-hairs.",116.840296,"[{""name"": ""Paramount Pictures"", ""id"": 4}, {""name"": ""Amblin Entertainment"", ""id"": 56}, {""name"": ""Di Bonaventura Pictures"", ""id"": 435}, {""name"": ""Platinum Dunes"", ""id"": 2481}, {""name"": ""China Movie Channel"", ""id"": 11413}, {""name"": ""Hasbro Studios"", ""id"": 22826}, {""name"": ""Ian Bryce Productions"", ""id"": 38833}, {""name"": ""Revolution Sun Studios"", ""id"": 76043}]","[{""iso_3166_1"": ""US"", ""name"": ""United States of America""}]",2014-06-25,1091405097,165.0,"[{""iso_639_1"": ""en"", ""name"": ""English""}]",Released,This is not war. It's extinction.,Transformers: Age of Extinction,5.8,3095,881405097
200000000,"[{""id"": 14, ""name"": ""Fantasy""}, {""id"": 12, ""name"": ""Adventure""}, {""id"": 10751, ""name"": ""Family""}]",http://www.ozthegreatandpowerfulmovie.com,68728,"[{""id"": 291, ""name"": ""circus""}, {""id"": 616, ""name"": ""witch""}, {""id"": 2343, ""name"": ""magic""}, {""id"": 3929, ""name"": ""hope""}, {""id"": 4662, ""name"": ""illusion""}, {""id"": 44451, ""name"": ""lost""}, {""id"": 172365, ""name"": ""magic trick""}, {""id"": 177912, ""name"": ""wizard""}, {""id"": 209714, ""name"": ""3d""}]",en,Oz: The Great and Powerful,"Oscar Diggs, a small-time circus illusionist and con-artist, is whisked from Kansas to the Land of Oz where the inhabitants assume he's the great wizard of prophecy, there to save Oz from the clutches of evil.",46.985445,"[{""name"": ""Walt Disney Pictures"", ""id"": 2}, {""name"": ""Roth Films"", ""id"": 16314}]","[{""iso_3166_1"": ""US"", ""name"": ""United States of America""}]",2013-03-07,491868548,130.0,"[{""iso_639_1"": ""en"", ""name"": ""English""}]",Released,"In Oz, nothing is what it seems",Oz: The Great and Powerful,5.7,3530,291868548
200000000,"[{""id"": 28, ""name"": ""Action""}, {""id"": 12, ""name"": ""Adventure""}, {""id"": 14, ""name"": ""Fantasy""}]",http://www.theamazingspiderman.com,102382,"[{""id"": 1523, ""name"": ""obsession""}, {""id"": 8828, ""name"": ""marvel comic""}, {""id"": 9663, ""name"": ""sequel""}, {""id"": 9717, ""name"": ""based on comic book""}, {""id"": 13040, ""name"": ""electrocution""}, {""id"": 33977, ""name"": ""medical experiment""}, {""id"": 41594, ""name"": ""electricity""}, {""id"": 163455, ""name"": ""super powers""}]",en,The Amazing Spider-Man 2,"For Peter Parker, life is busy. Between taking out the bad guys as Spider-Man and spending time with the person he loves, Gwen Stacy, high school graduation cannot come quickly enough. Peter has not forgotten about the promise he made to Gwen’s father to protect her by staying away, but that is a promise he cannot keep. Things will change for Peter when a new villain, Electro, emerges, an old friend, Harry Osborn, returns, and Peter uncovers new clues about his past.",89.270217,"[{""name"": ""Columbia Pictures"", ""id"": 5}, {""name"": ""Marvel Enterprises"", ""id"": 19551}, {""name"": ""Avi Arad Productions"", ""id"": 31828}, {""name"": ""Matt Tolmach Productions"", ""id"": 53462}]","[{""iso_3166_1"": ""US"", ""name"": ""United States of America""}]",2014-04-16,705717432,142.0,"[{""iso_639_1"": ""en"", ""name"": ""English""}]",Released,No more secrets.,The Amazing Spider-Man 2,6.5,4179,505717432
200000000,"[{""id"": 16, ""name"": ""Animation""}, {""id"": 10751, ""name"": ""Family""}, {""id"": 12, ""name"": ""Adventure""}, {""id"": 35, ""name"": ""Comedy""}]",http://www.disney.go.com/cars/,49013,"[{""id"": 830, ""name"": ""car race""}, {""id"": 9663, ""name"": ""sequel""}, {""id"": 10267, ""name"": ""comedy""}, {""id"": 11500, ""name"": ""anthropomorphism""}, {""id"": 12392, ""name"": ""best friend""}, {""id"": 179431, ""name"": ""duringcreditsstinger""}]",en,Cars 2,Star race car Lightning McQueen and his pal Mater head overseas to compete in the World Grand Prix race. But the road to the championship becomes rocky as Mater gets caught up in an intriguing adventure of his own: international espionage.,49.98659,"[{""name"": ""Walt Disney Pictures"", ""id"": 2}, {""name"": ""Pixar Animation Studios"", ""id"": 3}]","[{""iso_3166_1"": ""US"", ""name"": ""United States of America""}]",2011-06-11,559852396,106.0,"[{""iso_639_1"": ""en"", ""name"": ""English""}, {""iso_639_1"": ""ja"", ""name"": ""\u65e5\u672c\u8a9e""}, {""iso_639_1"": ""it"", ""name"": ""Italiano""}, {""iso_639_1"": ""fr"", ""name"": ""Fran\u00e7ais""}]",Released,Ka-ciao!,Cars 2,5.8,2033,359852396
200000000,"[{""id"": 12, ""name"": ""Adventure""}, {""id"": 28, ""name"": ""Action""}, {""id"": 53, ""name"": ""Thriller""}, {""id"": 878, ""name"": ""Science Fiction""}]",http://greenlanternmovie.warnerbros.com/,44912,"[{""id"": 849, ""name"": ""dc comics""}, {""id"": 4375, ""name"": ""transformation""}, {""id"": 9715, ""name"": ""superhero""}, {""id"": 9951, ""name"": ""alien""}, {""id"": 15250, ""name"": ""alien infection""}, {""id"": 15252, ""name"": ""magical object""}, {""id"": 15254, ""name"": ""protector""}, {""id"": 163455, ""name"": ""super powers""}, {""id"": 202540, ""name"": ""origin""}, {""id"": 209714, ""name"": ""3d""}]",en,Green Lantern,"For centuries, a small but powerful force of warriors called the Green Lantern Corps has sworn to keep intergalactic order. Each Green Lantern wears a ring that grants him superpowers. But when a new enemy called Parallax threatens to destroy the balance of power in the Universe, their fate and the fate of Earth lie in the hands of the first human ever recruited.",51.872839,"[{""name"": ""De Line Pictures"", ""id"": 2609}, {""name"": ""Warner Bros."", ""id"": 6194}, {""name"": ""DC Entertainment"", ""id"": 9993}]","[{""iso_3166_1"": ""US"", ""name"": ""United States of America""}]",2011-06-16,219851172,114.0,"[{""iso_639_1"": ""en"", ""name"": ""English""}]",Released,"In our darkest hour, there will be light.",Green Lantern,5.1,2487,19851172
200000000,"[{""id"": 16, ""name"": ""Animation""}, {""id"": 10751, ""name"": ""Family""}, {""id"": 35, ""name"": ""Comedy""}]",http://disney.go.com/toystory/,10193,"[{""id"": 1562, ""name"": ""hostage""}, {""id"": 3616, ""name"": ""college""}, {""id"": 4290, ""name"": ""toy""}, {""id"": 5462, ""name"": ""barbie""}, {""id"": 10336, ""name"": ""animation""}, {""id"": 10685, ""name"": ""escape""}, {""id"": 33794, ""name"": ""day care""}, {""id"": 158162, ""name"": ""teddy bear""}, {""id"": 179431, ""name"": ""duringcreditsstinger""}, {""id"": 187065, ""name"": ""toy comes to life""}, {""id"": 209386, ""name"": ""personification""}, {""id"": 209387, ""name"": ""inanimate objects coming to life""}, {""id"": 224516, ""name"": ""toy story""}]",en,Toy Story 3,"Woody, Buzz, and the rest of Andy's toys haven't been played with in years. With Andy about to go to college, the gang find themselves accidentally left at a nefarious day care center. The toys must band together to escape and return home to Andy.",59.995418,"[{""name"": ""Walt Disney Pictures"", ""id"": 2}, {""name"": ""Pixar Animation Studios"", ""id"": 3}]","[{""iso_3166_1"": ""US"", ""name"": ""United States of America""}]",2010-06-16,1066969703,103.0,"[{""iso_639_1"": ""en"", ""name"": ""English""}, {""iso_639_1"": ""es"", ""name"": ""Espa\u00f1ol""}]",Released,No toy gets left behind.,Toy Story 3,7.6,4597,866969703
200000000,"[{""id"": 28, ""name"": ""Action""}, {""id"": 878, ""name"": ""Science Fiction""}, {""id"": 53, ""name"": ""Thriller""}]",https://www.warnerbros.com/terminator-salvation,534,"[{""id"": 83, ""name"": ""saving the world""}, {""id"": 310, ""name"": ""artificial intelligence""}, {""id"": 530, ""name"": ""prophecy""}, {""id"": 582, ""name"": ""san francisco""}, {""id"": 679, ""name"": ""cyborg""}, {""id"": 1373, ""name"": ""killer robot""}, {""id"": 1420, ""name"": ""gas station""}, {""id"": 4458, ""name"": ""post-apocalyptic""}, {""id"": 4565, ""name"": ""dystopia""}, {""id"": 6092, ""name"": ""army""}, {""id"": 6112, ""name"": ""firearm""}, {""id"": 11159, ""name"": ""wartime""}, {""id"": 12670, ""name"": ""los angeles""}]",en,Terminator Salvation,"All grown up in post-apocalyptic 2018, John Connor must lead the resistance of humans against the increasingly dominating militaristic robots. But when Marcus Wright appears, his existence confuses the mission as Connor tries to determine whether Wright has come from the future or the past -- and whether he's friend or foe.",71.862892,"[{""name"": ""Columbia Pictures"", ""id"": 5}, {""name"": ""The Halcyon Company"", ""id"": 4021}, {""name"": ""Wonderland Sound and Vision"", ""id"": 4022}, {""name"": ""Warner Bros."", ""id"": 6194}]","[{""iso_3166_1"": ""DE"", ""name"": ""Germany""}, {""iso_3166_1"": ""IT"", ""name"": ""Italy""}, {""iso_3166_1"": ""GB"", ""name"": ""United Kingdom""}, {""iso_3166_1"": ""US"", ""name"": ""United States of America""}]",2009-05-20,371353001,115.0,"[{""iso_639_1"": ""en"", ""name"": ""English""}, {""iso_639_1"": ""it"", ""name"": ""Italiano""}]",Released,The End Begins.,Terminator Salvation,5.9,2463,171353001
190000000,"[{""id"": 28, ""name"": ""Action""}]",http://www.furious7.com/,168259,"[{""id"": 830, ""name"": ""car race""}, {""id"": 3428, ""name"": ""speed""}, {""id"": 9748, ""name"": ""revenge""}, {""id"": 9937, ""name"": ""suspense""}, {""id"": 33885, ""name"": ""car""}, {""id"": 40870, ""name"": ""race""}, {""id"": 205399, ""name"": ""muscle car""}]",en,Furious 7,Deckard Shaw seeks revenge against Dominic Toretto and his family for his comatose brother.,102.322217,"[{""name"": ""Universal Pictures"", ""id"": 33}, {""name"": ""Original Film"", ""id"": 333}, {""name"": ""Fuji Television Network"", ""id"": 3341}, {""name"": ""Dentsu"", ""id"": 6452}, {""name"": ""One Race Films"", ""id"": 7154}, {""name"": ""China Film Co."", ""id"": 40890}, {""name"": ""Qu\u00e9bec Production Services Tax Credit"", ""id"": 86352}, {""name"": ""Media Rights Capital (MRC)"", ""id"": 86655}, {""name"": ""Abu Dhabi Film Commission"", ""id"": 87857}, {""name"": ""Colorado Office of Film, Television & Media"", ""id"": 87858}]","[{""iso_3166_1"": ""JP"", ""name"": ""Japan""}, {""iso_3166_1"": ""US"", ""name"": ""United States of America""}]",2015-04-01,1506249360,137.0,"[{""iso_639_1"": ""en"", ""name"": ""English""}]",Released,Vengeance Hits Home,Furious 7,7.3,4176,1316249360
200000000,"[{""id"": 28, ""name"": ""Action""}, {""id"": 18, ""name"": ""Drama""}, {""id"": 27, ""name"": ""Horror""}, {""id"": 878, ""name"": ""Science Fiction""}, {""id"": 53, ""name"": ""Thriller""}]",http://www.worldwarzmovie.com,72190,"[{""id"": 4565, ""name"": ""dystopia""}, {""id"": 12332, ""name"": ""apocalypse""}, {""id"": 12377, ""name"": ""zombie""}, {""id"": 160381, ""name"": ""nuclear weapons""}, {""id"": 180635, ""name"": ""multiple perspectives""}, {""id"": 186565, ""name"": ""zombie apocalypse""}]",en,World War Z,"Life for former United Nations investigator Gerry Lane and his family seems content. Suddenly, the world is plagued by a mysterious infection turning whole human populations into rampaging mindless zombies. After barely escaping the chaos, Lane is persuaded to go on a mission to investigate this disease. What follows is a perilous trek around the world where Lane must brave horrific dangers and long odds to find answers before human civilization falls.",81.834855,"[{""name"": ""Paramount Pictures"", ""id"": 4}, {""name"": ""GK Films"", ""id"": 3281}, {""name"": ""Skydance Productions"", ""id"": 6277}, {""name"": ""Hemisphere Media Capital"", ""id"": 9169}, {""name"": ""Apparatus Productions"", ""id"": 11956}, {""name"": ""Latina Pictures"", ""id"": 19108}, {""name"": ""2DUX\u00b2"", ""id"": 23644}]","[{""iso_3166_1"": ""US"", ""name"": ""United States of America""}, {""iso_3166_1"": ""MT"", ""name"": ""Malta""}]",2013-06-20,531865000,116.0,"[{""iso_639_1"": ""en"", ""name"": ""English""}]",Released,Remember Philly!,World War Z,6.7,5560,331865000
250000000,"[{""id"": 28, ""name"": ""Action""}, {""id"": 12, ""name"": ""Adventure""}, {""id"": 14, ""name"": ""Fantasy""}, {""id"": 878, ""name"": ""Science Fiction""}]",http://www.x-menmovies.com/,127585,"[{""id"": 1228, ""name"": ""1970s""}, {""id"": 1852, ""name"": ""mutant""}, {""id"": 4379, ""name"": ""time travel""}, {""id"": 8828, ""name"": ""marvel comic""}, {""id"": 9717, ""name"": ""based on comic book""}, {""id"": 10761, ""name"": ""superhuman""}, {""id"": 14527, ""name"": ""storm""}, {""id"": 161271, ""name"": ""beast""}, {""id"": 179430, ""name"": ""aftercreditsstinger""}, {""id"": 206736, ""name"": ""changing the past or future""}]",en,X-Men: Days of Future Past,The ultimate X-Men ensemble fights a war for the survival of the species across two time periods as they join forces with their younger selves in an epic battle that must change the past – to save our future.,118.078691,"[{""name"": ""Twentieth Century Fox Film Corporation"", ""id"": 306}, {""name"": ""Donners' Company"", ""id"": 431}, {""name"": ""Marvel Entertainment"", ""id"": 7505}, {""name"": ""Bad Hat Harry Productions"", ""id"": 9168}, {""name"": ""TSG Entertainment"", ""id"": 22213}, {""name"": ""Down Productions"", ""id"": 37336}, {""name"": ""Revolution Sun Studios"", ""id"": 76043}]","[{""iso_3166_1"": ""GB"", ""name"": ""United Kingdom""}, {""iso_3166_1"": ""US"", ""name"": ""United States of America""}]",2014-05-15,747862775,131.0,"[{""iso_639_1"": ""en"", ""name"": ""English""}]",Released,"To save the future, they must alter the past",X-Men: Days of Future Past,7.5,6032,497862775
195000000,"[{""id"": 28, ""name"": ""Action""}, {""id"": 878, ""name"": ""Science Fiction""}, {""id"": 12, ""name"": ""Adventure""}]",http://www.transformersmovie.com/,38356,"[{""id"": 305, ""name"": ""moon""}, {""id"": 1612, ""name"": ""spacecraft""}, {""id"": 2052, ""name"": ""traitor""}, {""id"": 3088, ""name"": ""bodyguard""}, {""id"": 10158, ""name"": ""alien planet""}, {""id"": 10244, ""name"": ""based on cartoon""}, {""id"": 10607, ""name"": ""transformers""}, {""id"": 10891, ""name"": ""giant robot""}, {""id"": 15246, ""name"": ""sabotage""}, {""id"": 15247, ""name"": ""word domination""}, {""id"": 15248, ""name"": ""commando""}, {""id"": 179431, ""name"": ""duringcreditsstinger""}]",en,Transformers: Dark of the Moon,"Sam Witwicky takes his first tenuous steps into adulthood while remaining a reluctant human ally of Autobot-leader Optimus Prime. The film centers around the space race between the USSR and the USA, suggesting there was a hidden Transformers role in it all that remains one of the planet's most dangerous secrets.",28.529607,"[{""name"": ""Paramount Pictures"", ""id"": 4}, {""name"": ""Di Bonaventura Pictures"", ""id"": 435}, {""name"": ""Indochina Productions"", ""id"": 19751}, {""name"": ""Hasbro Studios"", ""id"": 22826}]","[{""iso_3166_1"": ""US"", ""name"": ""United States of America""}]",2011-06-28,1123746996,154.0,"[{""iso_639_1"": ""en"", ""name"": ""English""}]",Released,The invasion we always feared. An enemy we never expected.,Transformers: Dark of the Moon,6.1,3299,928746996
200000000,"[{""id"": 28, ""name"": ""Action""}, {""id"": 12, ""name"": ""Adventure""}, {""id"": 878, ""name"": ""Science Fiction""}]",http://www.sonypictures.com/movies/2012,14161,"[{""id"": 2163, ""name"": ""civilization""}, {""id"": 5096, ""name"": ""natural disaster""}, {""id"": 10150, ""name"": ""end of the world""}, {""id"": 10617, ""name"": ""disaster""}, {""id"": 12332, ""name"": ""apocalypse""}, {""id"": 14796, ""name"": ""destruction""}, {""id"": 163398, ""name"": ""volcanic eruption""}, {""id"": 208090, ""name"": ""mayan""}, {""id"": 230910, ""name"": ""ark""}, {""id"": 232318, ""name"": ""solar""}, {""id"": 232339, ""name"": ""destruction  of mankind""}]",en,2012,"Dr. Adrian Helmsley, part of a worldwide geophysical team investigating the effect on the earth of radiation from unprecedented solar storms, learns that the earth's core is heating up. He warns U.S. President Thomas Wilson that the crust of the earth is becoming unstable and that without proper preparations for saving a fraction of the world's population, the entire race is doomed. Meanwhile, writer Jackson Curtis stumbles on the same information. While the world's leaders race to build ""arks"" to escape the impending cataclysm, Curtis struggles to find a way to save his family. Meanwhile, volcanic eruptions and earthquakes of unprecedented strength wreak havoc around the world.",45.274225,"[{""name"": ""Columbia Pictures"", ""id"": 5}, {""name"": ""Centropolis Entertainment"", ""id"": 347}, {""name"": ""The Mark Gordon Company"", ""id"": 1557}, {""name"": ""Farewell Productions"", ""id"": 10905}]","[{""iso_3166_1"": ""CA"", ""name"": ""Canada""}, {""iso_3166_1"": ""US"", ""name"": ""United States of America""}]",2009-10-10,769653595,158.0,"[{""iso_639_1"": ""en"", ""name"": ""English""}, {""iso_639_1"": ""fr"", ""name"": ""Fran\u00e7ais""}, {""iso_639_1"": ""hi"", ""name"": ""\u0939\u093f\u0928\u094d\u0926\u0940""}, {""iso_639_1"": ""it"", ""name"": ""Italiano""}, {""iso_639_1"": ""la"", ""name"": ""Latin""}, {""iso_639_1"": ""zh"", ""name"": ""\u666e\u901a\u8bdd""}, {""iso_639_1"": ""pt"", ""name"": ""Portugu\u00eas""}, {""iso_639_1"": ""ru"", ""name"": ""P\u0443\u0441\u0441\u043a\u0438\u0439""}, {""iso_639_1"": ""bo"", ""name"": """"}]",Released,We Were Warned.,2012,5.6,4903,569653595
200000000,"[{""id"": 16, ""name"": ""Animation""}, {""id"": 18, ""name"": ""Drama""}]",http://disney.go.com/disneypictures/achristmascarol/?cmp=dcom_VAN_WDSHE_ACC_van_dcomcc__Extl,17979,"[{""id"": 65, ""name"": ""holiday""}, {""id"": 818, ""name"": ""based on novel""}, {""id"": 8250, ""name"": ""victorian england""}, {""id"": 10594, ""name"": ""money""}, {""id"": 33965, ""name"": ""christmas eve""}, {""id"": 33966, ""name"": ""scrooge""}, {""id"": 161174, ""name"": ""christmas carol""}, {""id"": 162846, ""name"": ""ghost""}, {""id"": 170457, ""name"": ""lesson""}, {""id"": 180975, ""name"": ""charles dickens""}, {""id"": 207317, ""name"": ""christmas""}]",en,A Christmas Carol,"Miser Ebenezer Scrooge is awakened on Christmas Eve by spirits who reveal to him his own miserable existence, what opportunities he wasted in his youth, his current cruelties, and the dire fate that awaits him if he does not change his ways. Scrooge is faced with his own story of growing bitterness and meanness, and must decide what his own future will hold: death or redemption.",39.744242,"[{""name"": ""Walt Disney"", ""id"": 5888}, {""name"": ""ImageMovers"", ""id"": 11395}]","[{""iso_3166_1"": ""US"", ""name"": ""United States of America""}]",2009-11-04,325233863,96.0,"[{""iso_639_1"": ""en"", ""name"": ""English""}]",Released,Season's Greedings,A Christmas Carol,6.6,1095,125233863
185000000,"[{""id"": 18, ""name"": ""Drama""}, {""id"": 28, ""name"": ""Action""}, {""id"": 80, ""name"": ""Crime""}, {""id"": 53, ""name"": ""Thriller""}]",http://thedarkknight.warnerbros.com/dvdsite/,155,"[{""id"": 849, ""name"": ""dc comics""}, {""id"": 853, ""name"": ""crime fighter""}, {""id"": 1308, ""name"": ""secret identity""}, {""id"": 3151, ""name"": ""scarecrow""}, {""id"": 4426, ""name"": ""sadism""}, {""id"": 4630, ""name"": ""chaos""}, {""id"": 6969, ""name"": ""gotham city""}, {""id"": 7002, ""name"": ""vigilante""}, {""id"": 9537, ""name"": ""joker""}, {""id"": 9715, ""name"": ""superhero""}, {""id"": 9717, ""name"": ""based on comic book""}, {""id"": 10044, ""name"": ""tragic hero""}, {""id"": 10291, ""name"": ""organized crime""}, {""id"": 18023, ""name"": ""criminal mastermind""}, {""id"": 33518, ""name"": ""district attorney""}, {""id"": 156395, ""name"": ""imax""}, {""id"": 163074, ""name"": ""super villain""}, {""id"": 163455, ""name"": ""super powers""}, {""id"": 230775, ""name"": ""batman""}]",en,The Dark Knight,"Batman raises the stakes in his war on crime. With the help of Lt. Jim Gordon and District Attorney Harvey Dent, Batman sets out to dismantle the remaining criminal organizations that plague the streets. The partnership proves to be effective, but they soon find themselves prey to a reign of chaos unleashed by a rising criminal mastermind known to the terrified citizens of Gotham as the Joker.",187.322927,"[{""name"": ""DC Comics"", ""id"": 429}, {""name"": ""Legendary Pictures"", ""id"": 923}, {""name"": ""Warner Bros."", ""id"": 6194}, {""name"": ""DC Entertainment"", ""id"": 9993}, {""name"": ""Syncopy"", ""id"": 9996}]","[{""iso_3166_1"": ""GB"", ""name"": ""United Kingdom""}, {""iso_3166_1"": ""US"", ""name"": ""United States of America""}]",2008-07-16,1004558444,152.0,"[{""iso_639_1"": ""en"", ""name"": ""English""}, {""iso_639_1"": ""zh"", ""name"": ""\u666e\u901a\u8bdd""}]",Released,Why So Serious?,The Dark Knight,8.2,12002,819558444
175000000,"[{""id"": 10751, ""name"": ""Family""}, {""id"": 12, ""name"": ""Adventure""}, {""id"": 18, ""name"": ""Drama""}, {""id"": 14, ""name"": ""Fantasy""}]",http://movies.disney.com/the-jungle-book-2016,278927,"[{""id"": 818, ""name"": ""based on novel""}, {""id"": 1585, ""name"": ""snake""}, {""id"": 1994, ""name"": ""wolf""}, {""id"": 2857, ""name"": ""elephant""}, {""id"": 4809, ""name"": ""tiger""}, {""id"": 5650, ""name"": ""feral child""}, {""id"": 8775, ""name"": ""panther""}, {""id"": 9714, ""name"": ""remake""}, {""id"": 10468, ""name"": ""bear""}, {""id"": 10787, ""name"": ""jungle""}, {""id"": 11477, ""name"": ""talking animal""}, {""id"": 13014, ""name"": ""orphan""}, {""id"": 18165, ""name"": ""animal""}, {""id"": 167625, ""name"": ""talking to animals""}]",en,The Jungle Book,"After a threat from the tiger Shere Khan forces him to flee the jungle, a man-cub named Mowgli embarks on a journey of self discovery with the help of panther, Bagheera, and free spirited bear, Baloo.",94.199316,"[{""name"": ""Walt Disney Pictures"", ""id"": 2}, {""name"": ""Walt Disney Studios Motion Pictures"", ""id"": 3036}, {""name"": ""Fairview Entertainment"", ""id"": 7297}, {""name"": ""Moving Picture Company (MPC)"", ""id"": 20478}]","[{""iso_3166_1"": ""GB"", ""name"": ""United Kingdom""}, {""iso_3166_1"": ""US"", ""name"": ""United States of America""}]",2016-04-07,966550600,106.0,"[{""iso_639_1"": ""en"", ""name"": ""English""}]",Released,,The Jungle Book,6.7,2892,791550600
200000000,"[{""id"": 12, ""name"": ""Adventure""}, {""id"": 28, ""name"": ""Action""}, {""id"": 878, ""name"": ""Science Fiction""}]",http://www.ironmanmovie.com/,10138,"[{""id"": 8613, ""name"": ""malibu""}, {""id"": 8828, ""name"": ""marvel comic""}, {""id"": 9715, ""name"": ""superhero""}, {""id"": 9717, ""name"": ""based on comic book""}, {""id"": 9748, ""name"": ""revenge""}, {""id"": 179430, ""name"": ""aftercreditsstinger""}, {""id"": 180547, ""name"": ""marvel cinematic universe""}]",en,Iron Man 2,"With the world now aware of his dual life as the armored superhero Iron Man, billionaire inventor Tony Stark faces pressure from the government, the press and the public to share his technology with the military. Unwilling to let go of his invention, Stark, with Pepper Potts and James 'Rhodey' Rhodes at his side, must forge new alliances – and confront powerful enemies.",77.300194,"[{""name"": ""Marvel Studios"", ""id"": 420}]","[{""iso_3166_1"": ""US"", ""name"": ""United States of America""}]",2010-04-28,623933331,124.0,"[{""iso_639_1"": ""en"", ""name"": ""English""}, {""iso_639_1"": ""ru"", ""name"": ""P\u0443\u0441\u0441\u043a\u0438\u0439""}, {""iso_639_1"": ""fr"", ""name"": ""Fran\u00e7ais""}]",Released,"It's not the armor that makes the hero, but the man inside.",Iron Man 2,6.6,6849,423933331
200000000,"[{""id"": 28, ""name"": ""Action""}, {""id"": 53, ""name"": ""Thriller""}, {""id"": 878, ""name"": ""Science Fiction""}]",,296,"[{""id"": 83, ""name"": ""saving the world""}, {""id"": 310, ""name"": ""artificial intelligence""}, {""id"": 312, ""name"": ""man vs machine""}, {""id"": 679, ""name"": ""cyborg""}, {""id"": 1373, ""name"": ""killer robot""}, {""id"": 1381, ""name"": ""sun glasses""}, {""id"": 2650, ""name"": ""leather jacket""}, {""id"": 2651, ""name"": ""nanotechnology""}, {""id"": 2732, ""name"": ""rocket launcher""}, {""id"": 2733, ""name"": ""firemen""}, {""id"": 2735, ""name"": ""veterinarian""}, {""id"": 2736, ""name"": ""fire engine""}, {""id"": 4565, ""name"": ""dystopia""}, {""id"": 15106, ""name"": ""psychiatrist""}]",en,Terminator 3: Rise of the Machines,"It's been 10 years since John Connor saved Earth from Judgment Day, and he's now living under the radar, steering clear of using anything Skynet can trace. That is, until he encounters T-X, a robotic assassin ordered to finish what T-1000 started. Good thing Connor's former nemesis, the Terminator, is back to aid the now-adult Connor … just like he promised.",69.405188,"[{""name"": ""Columbia Pictures"", ""id"": 5}, {""name"": ""Intermedia Films"", ""id"": 763}, {""name"": ""Warner Bros."", ""id"": 6194}, {""name"": ""C-2 Pictures"", ""id"": 7340}, {""name"": ""IMF Internationale Medien und Film GmbH & Co. 3. Produktions KG"", ""id"": 19116}, {""name"": ""Mostow/Lieberman Productions"", ""id"": 23636}]","[{""iso_3166_1"": ""DE"", ""name"": ""Germany""}, {""iso_3166_1"": ""GB"", ""name"": ""United Kingdom""}, {""iso_3166_1"": ""US"", ""name"": ""United States of America""}]",2003-07-02,435000000,109.0,"[{""iso_639_1"": ""en"", ""name"": ""English""}]",Released,The Machines Will Rise.,Terminator 3: Rise of the Machines,5.9,2143,235000000
250000000,"[{""id"": 12, ""name"": ""Adventure""}, {""id"": 14, ""name"": ""Fantasy""}, {""id"": 28, ""name"": ""Action""}]",http://www.thehobbit.com/,49051,"[{""id"": 483, ""name"": ""riddle""}, {""id"": 603, ""name"": ""elves""}, {""id"": 604, ""name"": ""dwarves""}, {""id"": 606, ""name"": ""orcs""}, {""id"": 609, ""name"": ""middle-earth (tolkien)""}, {""id"": 611, ""name"": ""hobbit""}, {""id"": 1262, ""name"": ""mountains""}, {""id"": 177912, ""name"": ""wizard""}, {""id"": 189092, ""name"": ""journey""}, {""id"": 189093, ""name"": ""ring""}, {""id"": 189094, ""name"": ""goblin""}, {""id"": 189098, ""name"": ""courage""}, {""id"": 189099, ""name"": ""giant""}, {""id"": 189102, ""name"": ""tunnel""}, {""id"": 189103, ""name"": ""underground lake""}, {""id"": 189108, ""name"": ""buried treasure""}, {""id"": 189114, ""name"": ""climbing a tree""}, {""id"": 189115, ""name"": ""invisibility""}, {""id"": 189119, ""name"": ""ancient""}, {""id"": 191739, ""name"": ""gnomes""}]",en,The Hobbit: An Unexpected Journey,"Bilbo Baggins, a hobbit enjoying his quiet life, is swept into an epic quest by Gandalf the Grey and thirteen dwarves who seek to reclaim their mountain home from Smaug, the dragon.",108.849621,"[{""name"": ""WingNut Films"", ""id"": 11}, {""name"": ""New Line Cinema"", ""id"": 12}, {""name"": ""Warner Bros. Pictures"", ""id"": 174}, {""name"": ""Metro-Goldwyn-Mayer (MGM)"", ""id"": 8411}]","[{""iso_3166_1"": ""NZ"", ""name"": ""New Zealand""}, {""iso_3166_1"": ""US"", ""name"": ""United States of America""}]",2012-11-26,1021103568,169.0,"[{""iso_639_1"": ""en"", ""name"": ""English""}]",Released,From the smallest beginnings come the greatest legends.,The Hobbit: An Unexpected Journey,7.0,8297,771103568
150000000,"[{""id"": 12, ""name"": ""Adventure""}, {""id"": 14, ""name"": ""Fantasy""}, {""id"": 10751, ""name"": ""Family""}, {""id"": 9648, ""name"": ""Mystery""}]",http://www.harrypotterorderofthephoenix.com/,675,"[{""id"": 530, ""name"": ""prophecy""}, {""id"": 616, ""name"": ""witch""}, {""id"": 1014, ""name"": ""loss of lover""}, {""id"": 2343, ""name"": ""magic""}, {""id"": 2630, ""name"": ""cutting the cord""}, {""id"": 3650, ""name"": ""child hero""}, {""id"": 3737, ""name"": ""dying and death""}, {""id"": 3872, ""name"": ""broom""}, {""id"": 3873, ""name"": ""sorcerer's apprentice""}, {""id"": 3884, ""name"": ""school of witchcraft""}, {""id"": 4252, ""name"": ""black magic""}, {""id"": 4959, ""name"": ""death of a friend""}, {""id"": 5147, ""name"": ""sorcery""}, {""id"": 221387, ""name"": ""occultism""}]",en,Harry Potter and the Order of the Phoenix,"Returning for his fifth year of study at Hogwarts, Harry is stunned to find that his warnings about the return of Lord Voldemort have been ignored. Left with no choice, Harry takes matters into his own hands, training a small group of students – dubbed 'Dumbledore's Army' – to defend themselves against the dark arts.",78.144395,"[{""name"": ""Warner Bros."", ""id"": 6194}, {""name"": ""Heyday Films"", ""id"": 7364}]","[{""iso_3166_1"": ""GB"", ""name"": ""United Kingdom""}, {""iso_3166_1"": ""US"", ""name"": ""United States of America""}]",2007-06-28,938212738,138.0,"[{""iso_639_1"": ""en"", ""name"": ""English""}]",Released,Evil Must Be Confronted.,Harry Potter and the Order of the Phoenix,7.4,5494,788212738
150000000,"[{""id"": 16, ""name"": ""Animation""}, {""id"": 12, ""name"": ""Adventure""}, {""id"": 10751, ""name"": ""Family""}]",http://movies.disney.com/frozen,109445,"[{""id"": 2011, ""name"": ""queen""}, {""id"": 4344, ""name"": ""musical""}, {""id"": 7376, ""name"": ""princess""}, {""id"": 10085, ""name"": ""betrayal""}, {""id"": 10115, ""name"": ""snowman""}, {""id"": 10336, ""name"": ""animation""}, {""id"": 10385, ""name"": ""reindeer""}, {""id"": 10541, ""name"": ""curse""}, {""id"": 10794, ""name"": ""snow""}, {""id"": 11173, ""name"": ""troll""}, {""id"": 155801, ""name"": ""mountain climber""}, {""id"": 179430, ""name"": ""aftercreditsstinger""}, {""id"": 187056, ""name"": ""woman director""}, {""id"": 209714, ""name"": ""3d""}]",en,Frozen,"Young princess Anna of Arendelle dreams about finding true love at her sister Elsa’s coronation. Fate takes her on a dangerous journey in an attempt to end the eternal winter that has fallen over the kingdom. She's accompanied by ice delivery man Kristoff, his reindeer Sven, and snowman Olaf. On an adventure where she will find out what friendship, courage, family, and true love really means.",165.125366,"[{""name"": ""Walt Disney Pictures"", ""id"": 2}, {""name"": ""Walt Disney Animation Studios"", ""id"": 6125}]","[{""iso_3166_1"": ""US"", ""name"": ""United States of America""}]",2013-11-27,1274219009,102.0,"[{""iso_639_1"": ""en"", ""name"": ""English""}]",Released,Only the act of true love will thaw a frozen heart.,Frozen,7.3,5295,1124219009
125000000,"[{""id"": 12, ""name"": ""Adventure""}, {""id"": 14, ""name"": ""Fantasy""}, {""id"": 10751, ""name"": ""Family""}]",http://harrypotter.warnerbros.com/harrypotterandthedeathlyhallows/mainsite/index.html,671,"[{""id"": 616, ""name"": ""witch""}, {""id"": 1441, ""name"": ""christmas party""}, {""id"": 2343, ""name"": ""magic""}, {""id"": 2630, ""name"": ""cutting the cord""}, {""id"": 3335, ""name"": ""halloween""}, {""id"": 3650, ""name"": ""child hero""}, {""id"": 3872, ""name"": ""broom""}, {""id"": 4238, ""name"": ""chosen one""}, {""id"": 4456, ""name"": ""frog""}, {""id"": 170362, ""name"": ""fantasy world""}, {""id"": 223438, ""name"": ""based on young adult novel""}]",en,Harry Potter and the Philosopher's Stone,"Harry Potter has lived under the stairs at his aunt and uncle's house his whole life. But on his 11th birthday, he learns he's a powerful wizard -- with a place waiting for him at the Hogwarts School of Witchcraft and Wizardry. As he learns to harness his newfound powers with the help of the school's kindly headmaster, Harry uncovers the truth about his parents' deaths -- and about the villain who's to blame.",109.984351,"[{""name"": ""1492 Pictures"", ""id"": 436}, {""name"": ""Warner Bros."", ""id"": 6194}, {""name"": ""Heyday Films"", ""id"": 7364}]","[{""iso_3166_1"": ""GB"", ""name"": ""United Kingdom""}, {""iso_3166_1"": ""US"", ""name"": ""United States of America""}]",2001-11-16,976475550,152.0,"[{""iso_639_1"": ""en"", ""name"": ""English""}]",Released,Let the Magic Begin.,Harry Potter and the Philosopher's Stone,7.5,7006,851475550
115000000,"[{""id"": 12, ""name"": ""Adventure""}, {""id"": 28, ""name"": ""Action""}, {""id"": 878, ""name"": ""Science Fiction""}]",http://www.starwars.com/films/star-wars-episode-i-the-phantom-menace,1893,"[{""id"": 530, ""name"": ""prophecy""}, {""id"": 1399, ""name"": ""senate""}, {""id"": 2011, ""name"": ""queen""}, {""id"": 2063, ""name"": ""taskmaster""}, {""id"": 4270, ""name"": ""galaxy""}, {""id"": 4488, ""name"": ""apprentice""}, {""id"": 6128, ""name"": ""taxes""}, {""id"": 161176, ""name"": ""space opera""}]",en,Star Wars: Episode I - The Phantom Menace,"Anakin Skywalker, a young slave strong with the Force, is discovered on Tatooine. Meanwhile, the evil Sith have returned, enacting their plot for revenge against the Jedi.",54.035265,"[{""name"": ""Lucasfilm"", ""id"": 1}]","[{""iso_3166_1"": ""US"", ""name"": ""United States of America""}]",1999-05-19,924317558,136.0,"[{""iso_639_1"": ""en"", ""name"": ""English""}]",Released,Every generation has a legend. Every journey has a first step. Every saga has a beginning.,Star Wars: Episode I - The Phantom Menace,6.3,4432,809317558
94000000,"[{""id"": 16, ""name"": ""Animation""}, {""id"": 10751, ""name"": ""Family""}]",http://movies.disney.com/finding-nemo,12,"[{""id"": 494, ""name"": ""father son relationship""}, {""id"": 10026, ""name"": ""harbor""}, {""id"": 14785, ""name"": ""underwater""}, {""id"": 33759, ""name"": ""fish tank""}, {""id"": 33760, ""name"": ""great barrier reef""}, {""id"": 156948, ""name"": ""missing child""}, {""id"": 179430, ""name"": ""aftercreditsstinger""}, {""id"": 179431, ""name"": ""duringcreditsstinger""}, {""id"": 180557, ""name"": ""short term memory loss""}, {""id"": 180568, ""name"": ""clownfish""}, {""id"": 180574, ""name"": ""father son reunion""}, {""id"": 181068, ""name"": ""protective father""}]",en,Finding Nemo,"Nemo, an adventurous young clownfish, is unexpectedly taken from his Great Barrier Reef home to a dentist's office aquarium. It's up to his worrisome father Marlin and a friendly but forgetful fish Dory to bring Nemo home -- meeting vegetarian sharks, surfer dude turtles, hypnotic jellyfish, hungry seagulls, and more along the way.",85.688789,"[{""name"": ""Pixar Animation Studios"", ""id"": 3}]","[{""iso_3166_1"": ""US"", ""name"": ""United States of America""}]",2003-05-30,940335536,100.0,"[{""iso_639_1"": ""en"", ""name"": ""English""}]",Released,"There are 3.7 trillion fish in the ocean, they're looking for one.",Finding Nemo,7.6,6122,846335536
94000000,"[{""id"": 12, ""name"": ""Adventure""}, {""id"": 14, ""name"": ""Fantasy""}, {""id"": 28, ""name"": ""Action""}]",http://www.lordoftherings.net,122,"[{""id"": 603, ""name"": ""elves""}, {""id"": 606, ""name"": ""orcs""}, {""id"": 609, ""name"": ""middle-earth (tolkien)""}, {""id"": 818, ""name"": ""based on novel""}, {""id"": 3301, ""name"": ""suspicion""}, {""id"": 3930, ""name"": ""bravery""}, {""id"": 6091, ""name"": ""war""}, {""id"": 9812, ""name"": ""honor""}, {""id"": 11173, ""name"": ""troll""}, {""id"": 14707, ""name"": ""brutality""}, {""id"": 14819, ""name"": ""violence""}, {""id"": 162846, ""name"": ""ghost""}, {""id"": 173700, ""name"": ""end of trilogy""}, {""id"": 207372, ""name"": ""quest""}, {""id"": 234213, ""name"": ""sword and sorcery""}]",en,The Lord of the Rings: The Return of the King,"Aragorn is revealed as the heir to the ancient kings as he, Gandalf and the other members of the broken fellowship struggle to save Gondor from Sauron's forces. Meanwhile, Frodo and Sam bring the ring closer to the heart of Mordor, the dark lord's realm.",123.630332,"[{""name"": ""WingNut Films"", ""id"": 11}, {""name"": ""New Line Cinema"", ""id"": 12}]","[{""iso_3166_1"": ""NZ"", ""name"": ""New Zealand""}, {""iso_3166_1"": ""US"", ""name"": ""United States of America""}]",2003-12-01,1118888979,201.0,"[{""iso_639_1"": ""en"", ""name"": ""English""}]",Released,The eye of the enemy is moving.,The Lord of the Rings: The Return of the King,8.1,8064,1024888979
79000000,"[{""id"": 12, ""name"": ""Adventure""}, {""id"": 14, ""name"": ""Fantasy""}, {""id"": 28, ""name"": ""Action""}]",http://www.lordoftherings.net/,121,"[{""id"": 603, ""name"": ""elves""}, {""id"": 606, ""name"": ""orcs""}, {""id"": 609, ""name"": ""middle-earth (tolkien)""}, {""id"": 611, ""name"": ""hobbit""}, {""id"": 818, ""name"": ""based on novel""}, {""id"": 1653, ""name"": ""explosive""}, {""id"": 1964, ""name"": ""cave""}, {""id"": 4268, ""name"": ""fort""}, {""id"": 6092, ""name"": ""army""}, {""id"": 10364, ""name"": ""mission""}, {""id"": 10563, ""name"": ""attack""}, {""id"": 33788, ""name"": ""guide""}, {""id"": 177912, ""name"": ""wizard""}, {""id"": 189093, ""name"": ""ring""}, {""id"": 234213, ""name"": ""sword and sorcery""}]",en,The Lord of the Rings: The Two Towers,"Frodo and Sam are trekking to Mordor to destroy the One Ring of Power while Gimli, Legolas and Aragorn search for the orc-captured Merry and Pippin. All along, nefarious wizard Saruman awaits the Fellowship members at the Orthanc Tower in Isengard.",106.914973,"[{""name"": ""WingNut Films"", ""id"": 11}, {""name"": ""New Line Cinema"", ""id"": 12}, {""name"": ""The Saul Zaentz Company"", ""id"": 5237}]","[{""iso_3166_1"": ""NZ"", ""name"": ""New Zealand""}, {""iso_3166_1"": ""US"", ""name"": ""United States of America""}]",2002-12-18,926287400,179.0,"[{""iso_639_1"": ""en"", ""name"": ""English""}]",Released,A New Power Is Rising.,The Lord of the Rings: The Two Towers,8.0,7487,847287400
76000000,"[{""id"": 16, ""name"": ""Animation""}, {""id"": 35, ""name"": ""Comedy""}, {""id"": 10751, ""name"": ""Family""}]",http://www.despicableme.com/,93456,"[{""id"": 4289, ""name"": ""secret agent""}, {""id"": 7397, ""name"": ""bakery""}, {""id"": 13072, ""name"": ""falling in love""}, {""id"": 15300, ""name"": ""father daughter relationship""}, {""id"": 179431, ""name"": ""duringcreditsstinger""}, {""id"": 184783, ""name"": ""first date""}, {""id"": 190999, ""name"": ""minions""}, {""id"": 209714, ""name"": ""3d""}]",en,Despicable Me 2,Gru is recruited by the Anti-Villain League to help deal with a powerful new super criminal.,136.886704,"[{""name"": ""Universal Pictures"", ""id"": 33}, {""name"": ""Illumination Entertainment"", ""id"": 6704}]","[{""iso_3166_1"": ""US"", ""name"": ""United States of America""}]",2013-06-25,970761885,98.0,"[{""iso_639_1"": ""en"", ""name"": ""English""}]",Released,Back 2 Work,Despicable Me 2,7.0,4637,894761885
74000000,"[{""id"": 10751, ""name"": ""Family""}, {""id"": 16, ""name"": ""Animation""}, {""id"": 12, ""name"": ""Adventure""}, {""id"": 35, ""name"": ""Comedy""}]",http://www.minionsmovie.com/,211672,"[{""id"": 3487, ""name"": ""assistant""}, {""id"": 179430, ""name"": ""aftercreditsstinger""}, {""id"": 179431, ""name"": ""duringcreditsstinger""}, {""id"": 189481, ""name"": ""evil mastermind""}, {""id"": 190999, ""name"": ""minions""}, {""id"": 209714, ""name"": ""3d""}]",en,Minions,"Minions Stuart, Kevin and Bob are recruited by Scarlet Overkill, a super-villain who, alongside her inventor husband Herb, hatches a plot to take over the world.",875.581305,"[{""name"": ""Universal Pictures"", ""id"": 33}, {""name"": ""Illumination Entertainment"", ""id"": 6704}]","[{""iso_3166_1"": ""US"", ""name"": ""United States of America""}]",2015-06-17,1156730962,91.0,"[{""iso_639_1"": ""en"", ""name"": ""English""}]",Released,"Before Gru, they had a history of bad bosses",Minions,6.4,4571,1082730962
63000000,"[{""id"": 12, ""name"": ""Adventure""}, {""id"": 878, ""name"": ""Science Fiction""}]",http://www.jurassicpark.com/,329,"[{""id"": 911, ""name"": ""exotic island""}, {""id"": 1718, ""name"": ""dna""}, {""id"": 1719, ""name"": ""paleontology""}, {""id"": 1720, ""name"": ""tyrannosaurus rex""}, {""id"": 1764, ""name"": ""triceratops""}, {""id"": 1765, ""name"": ""brontosaurus""}, {""id"": 1767, ""name"": ""electric fence""}, {""id"": 2041, ""name"": ""island""}, {""id"": 12616, ""name"": ""dinosaur""}, {""id"": 155582, ""name"": ""amusement park""}, {""id"": 158340, ""name"": ""theme park""}, {""id"": 178010, ""name"": ""jurassic park""}]",en,Jurassic Park,"A wealthy entrepreneur secretly creates a theme park featuring living dinosaurs drawn from prehistoric DNA. Before opening day, he invites a team of experts and his two eager grandchildren to experience the park and help calm anxious investors. However, the park is anything but amusing as the security systems go off-line and the dinosaurs escape.",40.413191,"[{""name"": ""Universal Pictures"", ""id"": 33}, {""name"": ""Amblin Entertainment"", ""id"": 56}]","[{""iso_3166_1"": ""US"", ""name"": ""United States of America""}]",1993-06-11,920100000,127.0,"[{""iso_639_1"": ""en"", ""name"": ""English""}, {""iso_639_1"": ""es"", ""name"": ""Espa\u00f1ol""}]",Released,An adventure 65 million years in the making.,Jurassic Park,7.6,4856,857100000
